English,Engine A,Engine B,Label,,,
Super Bowl 50 was an American football game to determine the champion of the National Football League (NFL) for the 2015 season.,سپر باؤل 50 2015 کے سیزن کے لیے نیشنل فٹ بال لیگ (NFL) کے چیمپئن کا تعین کرنے کے لیے ایک امریکی فٹ بال کھیل تھا۔,سپر باؤل 50 ایک امریکی فٹ بال کا کھیل تھا جس میں 2015 کے سیزن کے لئے نیشنل فٹ بال لیگ (این ایف ایل) کے چیمپئن کا تعین کیا گیا تھا۔,C,,,
The American Football Conference (AFC) champion Denver Broncos defeated the National Football Conference (NFC) champion Carolina Panthers 24–10 to earn their third Super Bowl title.,امریکن فٹ بال کانفرنس (اے ایف سی) کے چیمپئن ڈینور برونکوس نے نیشنل فٹ بال کانفرنس (این ایف سی) کی چیمپئن کیرولینا پینتھرز کو 24-10 سے شکست دے کر اپنا تیسرا سپر باؤل ٹائٹل اپنے نام کیا۔,امریکن فٹ بال کانفرنس (اے ایف سی) کے چیمپئن ڈینور برونکوس نے نیشنل فٹ بال کانفرنس (این ایف سی) کے چیمپئن کیرولائنا پینتھرس کو 24-10 سے شکست دے کر اپنا تیسرا سپر باؤل ٹائٹل حاصل کیا۔,B,,,
"The game was played on February 7, 2016, at Levi's Stadium in the San Francisco Bay Area at Santa Clara, California.",یہ کھیل 7 فروری 2016 کو سانتا کلارا، کیلیفورنیا کے سان فرانسسکو بے ایریا کے لیوی اسٹیڈیم میں کھیلا گیا۔,یہ کھیل 7 فروری ، 2016 کو کیلیفورنیا کے سان فرانسسکو بے ایریا میں لیویز اسٹیڈیم میں کھیلا گیا تھا۔,A,,,
"As this was the 50th Super Bowl, the league emphasized the ""golden anniversary"" with various gold-themed initiatives, as well as temporarily suspending the tradition of naming each Super Bowl game with Roman numerals (under which the game would have been known as ""Super Bowl L""), so that the logo could prominently feature the Arabic numerals 50.","چونکہ یہ 50 واں سپر باؤل تھا، اس لیے لیگ نے مختلف گولڈ تھیم والے اقدامات کے ساتھ ""سنہری سالگرہ"" پر زور دیا، ساتھ ہی ساتھ ہر سپر باؤل گیم کو رومن ہندسوں کے ساتھ نام دینے کی روایت کو عارضی طور پر معطل کر دیا (جس کے تحت اس گیم کو ""گولڈن اینیورسری"" کے نام سے جانا جاتا تھا۔سپر باؤل ایل"")، تاکہ لوگو نمایاں طور پر عربی ہندسے 50 کو نمایاں کر سکے۔","چونکہ یہ 50 واں سپر باؤل تھا ، لیگ نے مختلف سونے کے موضوع پر مبنی اقدامات کے ساتھ ""گولڈن سالگرہ"" پر زور دیا ، نیز ہر سپر باؤل کھیل کو رومن ہندسوں کے ساتھ نامزد کرنے کی روایت کو عارضی طور پر معطل کردیا (جس کے تحت کھیل کو ""سپر باؤل ایل"" کے نام سے جانا جاتا تھا) ، تاکہ لوگو میں عربی ہندسوں 50 کو نمایاں طور پر پیش کیا جاسکے۔",B,,,
"The Broncos defeated the Pittsburgh Steelers in the divisional round, 23–16, by scoring 11 points in the final three minutes of the game.",برونکوس نے کھیل کے آخری تین منٹوں میں 11 پوائنٹس اسکور کرکے ڈویژنل راؤنڈ، 23-16 میں پٹسبرگ اسٹیلرز کو شکست دی۔,برونکس نے کھیل کے آخری تین منٹ میں 11 پوائنٹس اسکور کرکے ڈویژنل راؤنڈ میں پٹسبرگ اسٹیلرز کو 23-16 سے شکست دی۔,B,,,
"They then beat the defending Super Bowl XLIX champion New England Patriots in the AFC Championship Game, 20–18, by intercepting a pass on New England's 2-point conversion attempt with 17 seconds left on the clock.",اس کے بعد انہوں نے AFC چیمپئن شپ گیم میں دفاعی سپر باؤل XLIX چیمپئن نیو انگلینڈ پیٹریاٹس کو 20-18 سے شکست دی، نیو انگلینڈ کی 2 پوائنٹ کی تبدیلی کی کوشش پر ایک پاس کو روک کر گھڑی میں 17 سیکنڈ باقی تھے۔,اس کے بعد انہوں نے اے ایف سی چیمپئن شپ گیم میں دفاعی سپر باؤل ایکس ایل ایکس چیمپئن نیو انگلینڈ پیٹریاٹس کو 20-18 سے شکست دی ، نیو انگلینڈ کی 2 پوائنٹس کی تبادلوں کی کوشش پر 17 سیکنڈ باقی رہ گئے تھے۔,C,,,
"Despite Manning's problems with interceptions during the season, he didn't throw any in their two playoff games.",سیزن کے دوران رکاوٹوں کے ساتھ میننگ کے مسائل کے باوجود، اس نے اپنے دو پلے آف گیمز میں کوئی نہیں پھینکا۔,سیزن کے دوران مداخلت کے ساتھ میننگ کے مسائل کے باوجود ، انہوں نے اپنے دو پلے آف کھیلوں میں کوئی بھی گیند نہیں پھینکی۔,C,,,
The French and Indian War (1754–1763) was the North American theater of the worldwide Seven Years' War.,فرانسیسی اور ہندوستانی جنگ (1754–1763) دنیا بھر میں سات سال کی جنگ کا شمالی امریکہ کا تھیٹر تھا۔,فرانسیسی اور ہندوستانی جنگ (1754-1763) دنیا بھر میں سات سالہ جنگ کا شمالی امریکی تھیٹر تھا۔,B,,,
"The war was fought between the colonies of British America and New France, with both sides supported by military units from their parent countries of Great Britain and France, as well as Native American allies.",یہ جنگ برطانوی امریکہ اور نیو فرانس کی کالونیوں کے درمیان لڑی گئی تھی، جس میں دونوں فریقوں کو ان کے آبائی ممالک برطانیہ اور فرانس کے فوجی یونٹوں کے ساتھ ساتھ مقامی امریکی اتحادیوں کی حمایت حاصل تھی۔,یہ جنگ برطانوی امریکہ اور نیو فرانس کی نوآبادیات کے مابین لڑی گئی تھی ، جس میں دونوں فریقوں کو ان کے والدین ممالک برطانیہ اور فرانس کے فوجی یونٹوں کے ساتھ ساتھ مقامی امریکی اتحادیوں کی حمایت حاصل تھی۔,A,,,
"At the start of the war, the French North American colonies had a population of roughly 60,000 European settlers, compared with 2 million in the British North American colonies.","جنگ کے آغاز میں، فرانسیسی شمالی امریکی کالونیوں میں تقریباً 60,000 یورپی آباد کاروں کی آبادی تھی، جبکہ برطانوی شمالی امریکی کالونیوں میں یہ تعداد 2 ملین تھی۔",جنگ کے آغاز میں ، فرانسیسی شمالی امریکی نوآبادیات میں تقریبا 60 60،000 یورپی آبادکاروں کی آبادی تھی ، جبکہ برطانوی شمالی امریکی نوآبادیات میں 2 ملین تھے۔,A,,,
The outnumbered French particularly depended on the Indians.,زیادہ تعداد میں فرانسیسیوں کا انحصار خاص طور پر ہندوستانیوں پر تھا۔,تعداد میں زیادہ فرانسیسی خاص طور پر ہندوستانیوں پر انحصار کرتے تھے۔,C,,,
"Long in conflict, the metropole nations declared war on each other in 1756, escalating the war from a regional affair into an intercontinental conflict.",طویل عرصے سے تنازعات میں، میٹروپول اقوام نے 1756 میں ایک دوسرے کے خلاف جنگ کا اعلان کیا، جنگ کو علاقائی معاملے سے بین البراعظمی تنازعہ میں بڑھا دیا۔,طویل تنازعہ میں ، میٹروپول ممالک نے 1756 میں ایک دوسرے پر جنگ کا اعلان کیا۔,A,,,
"In 1755, six colonial governors in North America met with General Edward Braddock, the newly arrived British Army commander, and planned a four-way attack on the French.",1755 میں، شمالی امریکہ کے چھ نوآبادیاتی گورنروں نے برطانوی فوج کے نئے آنے والے کمانڈر جنرل ایڈورڈ بریڈوک سے ملاقات کی اور فرانسیسیوں پر چار طرفہ حملے کا منصوبہ بنایا۔,1755 میں ، شمالی امریکہ میں چھ نوآبادیاتی گورنروں نے نئے آنے والے برطانوی فوج کے کمانڈر جنرل ایڈورڈ بریڈک سے ملاقات کی ، اور فرانسیسیوں پر چار طرفہ حملے کی منصوبہ بندی کی۔,B,,,
"None succeeded and the main effort by Braddock was a disaster; he was defeated in the Battle of the Monongahela on July 9, 1755 and died a few days later.",کوئی بھی کامیاب نہیں ہوا اور بریڈاک کی اہم کوشش ایک تباہی تھی۔ اسے 9 جولائی 1755 کو مونونگھیلا کی جنگ میں شکست ہوئی اور کچھ دن بعد اس کی موت ہو گئی۔,کوئی بھی کامیاب نہیں ہوا اور بریڈک کی بنیادی کوشش ایک تباہی تھی۔ وہ 9 جولائی 1755 کو مونونگاہیلا کی لڑائی میں شکست کھا گیا اور چند دن بعد ہی فوت ہوگیا۔,C,,,
"British operations in 1755, 1756 and 1757 in the frontier areas of Pennsylvania and New York all failed, due to a combination of poor management, internal divisions, and effective Canadian scouts, French regular forces, and Indian warrior allies.",1755، 1756 اور 1757 میں پنسلوانیا اور نیو یارک کے سرحدی علاقوں میں برطانوی آپریشن ناکام ہو گئے، ناقص انتظام، اندرونی تقسیم، اور موثر کینیڈین سکاؤٹس، فرانسیسی باقاعدہ افواج، اور ہندوستانی جنگجو اتحادیوں کے امتزاج کی وجہ سے۔,1755 ، 1756 اور 1757 میں پنسلوانیا اور نیو یارک کے سرحدی علاقوں میں برطانوی کارروائیاں سب ناکام ہوگئیں ، ناقص انتظام ، اندرونی تقسیم ، اور موثر کینیڈین سکاؤٹس ، فرانسیسی باقاعدہ افواج ، اور ہندوستانی جنگجو اتحادیوں کے امتزاج کی وجہ سے۔,B,,,
"In 1755, the British captured Fort Beauséjour on the border separating Nova Scotia from Acadia; soon afterward they ordered the expulsion of the Acadians.",1755 میں، انگریزوں نے نووا سکوشیا کو اکیڈیا سے الگ کرنے والی سرحد پر واقع فورٹ بیوزور پر قبضہ کر لیا۔ اس کے فوراً بعد انہوں نے اکاڈینز کو نکالنے کا حکم دیا۔,1755 میں ، انگریزوں نے نووا اسکاٹیا کو اکادیا سے الگ کرنے والی سرحد پر فورٹوسے پر قبضہ کرلیا۔اس کے فورا بعد انہوں نے ایکادیوں کو ملک بدر کرنے کا حکم دیا۔,A,,,
"Orders for the deportation were given by William Shirley, Commander-in-Chief, North America, without direction from Great Britain.",ملک بدری کے احکامات شمالی امریکہ کے کمانڈر انچیف ولیم شرلی نے برطانیہ کی ہدایت کے بغیر دیئے تھے۔,شمالی امریکہ ، شمالی امریکہ کے کمانڈر ان چیف ، شیرلی ولیم نے بغیر ہتھیاروں کے برطانیہ سے نکال دیا۔,A,,,
"The Acadians, both those captured in arms and those who had sworn the loyalty oath to His Britannic Majesty, were expelled.",Acadians، دونوں وہ لوگ جو ہتھیاروں میں پکڑے گئے تھے اور جنہوں نے ہز برٹینک میجسٹی سے وفاداری کا حلف اٹھایا تھا، کو نکال دیا گیا تھا۔,ایکادیوں نے ان دونوں کو گرفتار کیا اور ان امریکیوں کو جو ان کی طرف سے وفاداری کی قسم کھائی تھی ، اسی طرح نیو انگلینڈ سے نکال دیا گیا تھا۔,A,,,
Native Americans were likewise driven off their land to make way for settlers from New England.,مقامی امریکیوں کو بھی اسی طرح نیو انگلینڈ سے آباد کاروں کے لیے راستہ بنانے کے لیے ان کی سرزمین سے نکال دیا گیا۔,نیو انگلینڈ سے آنے والے آباد کاروں کے لیے جگہ بنانے کے لیے مقامی امریکیوں کو بھی اپنی زمین سے بے دخل کر دیا گیا۔,B,,,
"The Western family includes Parthian (Arsacid Pahlavi) and Middle Persian, while Bactrian, Sogdian, Khwarezmian, Saka, and Old Ossetic (Scytho-Sarmatian) fall under the Eastern category.",مغربی خاندان میں پارٹیان (ارساسڈ پہلوی) اور درمیانی فارسی شامل ہیں ، جبکہ بیکٹرین ، سوگڈین ، خوارزمین ، ساکا ، اور پرانا اوسیٹک (سیتھو-سرمیٹین) مشرقی زمرے میں آتے ہیں۔,مغربی خاندان میں پارتھین (ارساکیڈ پہلوی) اور درمیانی فارسی شامل ہیں ، جبکہ بیکٹرین ، سوگڈین ، خوارزمین ، ساکا ، اور پرانے اوسیٹک (سکیتو-سارمیٹک) مشرقی زمرے میں آتے ہیں۔,C,,,
"These now exist alongside the city's older industries of the docks, grain milling, and tobacco processing.",یہ اب شہر کی ڈاکوں ، اناج کی گھسائی کرنے والی ، اور تمباکو پروسیسنگ کی پرانی صنعتوں کے ساتھ موجود ہیں۔,یہ اب شہر کی پرانی صنعتوں کے ساتھ ساتھ موجود ہیں جو بندرگاہوں، اناج کی گھسائی کرنے، اور تمباکو کی پروسیسنگ ہیں.,B,,,
"During the Cambrian period, Gondwana had a mild climate.",کیمبرین دور کے دوران ، گونڈوانا کی ہلکی سی آب و ہوا تھی۔,کیمبرین دور کے دوران ، گونڈوانا میں معتدل آب و ہوا تھی۔,B,,,
"Situated onshore of the Atlantic Ocean, Boston is the only state capital in the contiguous United States with an oceanic coastline.",بحر اوقیانوس کے ساحل پر واقع ، بوسٹن ایک سمندری ساحل کے ساتھ متنازعہ ریاستہائے متحدہ میں واحد ریاست کا دارالحکومت ہے۔,بحر اوقیانوس کے ساحل پر واقع ، بوسٹن ریاست ہائے متحدہ امریکہ کا واحد ریاستی دارالحکومت ہے جس میں سمندری ساحل ہے۔,B,,,
"Other critics, such as Thierry Groensteen and Scott McCloud, have emphasized the primacy of sequences of images.",دوسرے نقادوں ، جیسے تھیری گروینسٹین اور اسکاٹ میک کلاؤڈ ، نے تصاویر کے سلسلے کی اولیت پر زور دیا ہے۔,دیگر ناقدین ، جیسے تھری گرینسٹین اور اسکاٹ میک کلاؤڈ ، نے تصاویر کے تسلسل کی برتری پر زور دیا ہے۔,B,,,
The presence of fat in the small intestine produces hormones that stimulate the release of pancreatic lipase from the pancreas and bile from the liver which helps in the emulsification of fats for absorption of fatty acids.,چھوٹی آنت میں چربی کی موجودگی ہارمونز پیدا کرتی ہے جو لبلبے سے لبلبے کی لپیس کی رہائی کو متحرک کرتی ہے اور جگر سے پت ہے جو فیٹی ایسڈ کے جذب کے ل fat چربی کے املیفیکیشن میں مدد کرتا ہے۔,چھوٹی آنت میں چربی کی موجودگی ہارمون پیدا کرتی ہے جو پینکریٹک لیپاز کی پینکریاس اور جگر سے پھیپھڑوں کی رہائی کی حوصلہ افزائی کرتی ہے جو فیٹی ایسڈ کے جذب کے لئے چربی کی ایمولسیفیکیشن میں مدد کرتی ہے۔,B,,,
"The soundboard comes in many shapes—but generally round or teardrop-shaped, sometimes with scrolls or other projections.",ساؤنڈ بورڈ بہت سی شکلوں میں آتا ہے-لیکن عام طور پر گول یا آنسو کی شکل کے سائز کا ہوتا ہے ، بعض اوقات طومار یا دیگر تخمینے کے ساتھ۔,ساؤنڈ بورڈ بہت سی شکلوں میں آتا ہے - لیکن عام طور پر گول یا آنسو کی شکل میں ، کبھی کبھی رولز یا دیگر پروجیکشن کے ساتھ۔,C,,,
These arrived in December 1950.,یہ دسمبر 1950 میں پہنچے تھے۔,یہ دسمبر 1950 میں پہنچے.,B,,,
"In 1989 the Supreme Court of the United States declared the Board of Estimate unconstitutional on the grounds that Brooklyn, the most populous borough, had no greater effective representation on the Board than Staten Island, the least populous borough, a violation of the Fourteenth Amendment's Equal Protection Clause pursuant to the high court's 1964 ""one man, one vote"" decision.","1989 میں ، ریاستہائے متحدہ کی سپریم کورٹ نے بورڈ آف تخمینہ غیر آئینی قرار دیا تھا کہ اس بنیاد پر کہ بروک لین ، سب سے زیادہ آبادی والے بورے کو اسٹیٹن جزیرے سے زیادہ موثر نمائندگی نہیں تھی ، کم سے کم آبادی والا بور ، چودہویں ترمیم کے برابر کی خلاف ورزیہائیکورٹ کے 1964 ""ایک آدمی ، ایک ووٹ"" کے فیصلے کے مطابق تحفظ کی شق۔","1989 میں ریاستہائے متحدہ کی سپریم کورٹ نے بورڈ آف تخمینہ کو غیر آئینی قرار دیا اس بنیاد پر کہ بروکلین ، سب سے زیادہ آبادی والے بورو ، کے پاس بورڈ میں سٹیٹن آئلینڈ ، سب سے کم آبادی والے بورو سے زیادہ موثر نمائندگی نہیں تھی ، جو ہائی کورٹ کے 1964 کے ""ایک آدمی ، ایک ووٹ"" فیصلے کے مطابق چودہویں ترمیم کی مساوی تحفظ کی شق کی خلاف ورزی تھی۔",B,,,
"Another set of restrictions was passed in 1998 that restricted the kinds of work youth could partake in, such as work that was considered hazardous like running construction equipment, or certain kinds of factory work.",پابندیوں کا ایک اور مجموعہ 1998 میں منظور کیا گیا تھا جس میں اس طرح کے کام کو محدود کیا گیا تھا جس میں نوجوانوں میں حصہ لیا جاسکتا ہے ، جیسے کام کو چلانے کی طرح مؤثر سمجھا جاتا تھا جیسے تعمیراتی سازوسامان ، یا کچھ قسم کے فیکٹری کام۔,1998 میں پابندیوں کا ایک اور سیٹ منظور کیا گیا تھا جس نے نوجوانوں کو کام کی اقسام میں حصہ لینے پر پابندی عائد کی تھی ، جیسے کام جو خطرناک سمجھا جاتا تھا جیسے تعمیراتی سامان چلانا ، یا فیکٹری کے کام کی کچھ اقسام۔,B,,,
This emerged as early as the end of Kublai's reign.,یہ کوبلائی کے دور کے اختتام کے ساتھ ہی سامنے آیا۔,یہ کوبیلائی کے دور حکومت کے اختتام کے اوائل میں سامنے آیا۔,B,,,
"While sophisticated mathematical descriptions are needed to predict, in full detail, the accurate result of such interactions, there is a conceptually simple way to describe such interactions through the use of Feynman diagrams.",اگرچہ اس طرح کے تعاملات کا درست نتیجہ ، پوری تفصیل سے پیش گوئی کرنے کے لئے نفیس ریاضی کی وضاحت کی ضرورت ہے ، لیکن فین مین آریگرام کے استعمال سے اس طرح کے تعامل کو بیان کرنے کا ایک نظریاتی طور پر آسان طریقہ ہے۔,جبکہ پیچیدہ ریاضیاتی وضاحتوں کی ضرورت ہوتی ہے، مکمل تفصیل سے، اس طرح کے تعاملات کے درست نتائج کی پیشن گوئی کرنے کے لئے، Feynman ڈایاگرام کے استعمال کے ذریعے اس طرح کے تعاملات کی وضاحت کرنے کے لئے ایک تصوراتی طور پر آسان طریقہ ہے.,C,,,
"Genetic studies of mitochondrial DNA (mtDNA) of Amerindians and some Siberian and Central Asian peoples also revealed that the gene pool of the Turkic-speaking peoples of Siberia such as Altaians, Khakas, Shors and Soyots, living between the Altai and Lake Baikal along the Sayan mountains, are genetically closest to Amerindians.[citation needed] This view is shared by other researchers who argue that ""the ancestors of the American Indians were the first to separate from the great Asian population in the Middle Paleolithic.","امریندیائیوں اور کچھ سائبیرین اور وسطی ایشیائی عوام کے مائٹوکونڈریل ڈی این اے (ایم ٹی ڈی این اے) کے جینیاتی مطالعات نے یہ بھی انکشاف کیا ہے کہ الٹائی اور جھیل بائیکال کے ساتھ ساتھ الٹائی اور جھیل بائیکال کے درمیان رہنے والے سائبیریا ، خاکس ، قمیض اور سویاٹ جیسے ترک بولنے والے لوگوں کا جین پولسیائن پہاڑ ، عمیرندیائیوں کے جینیاتی طور پر قریب ہیں۔ [حوالہ کی ضرورت ہے] اس نظریہ کو دوسرے محققین نے بھی شیئر کیا ہے جو یہ استدلال کرتے ہیں کہ ""امریکی ہندوستانیوں کے آباؤ اجداد سب سے پہلے تھے جو درمیانی پیلیولیتھک میں ایشیائی آبادی سے الگ تھے۔","امریکی ہندوستانیوں اور کچھ سائبیریا اور وسطی ایشیائی لوگوں کے مائٹوکونڈریل ڈی این اے (ایم ٹی ڈی این اے) کے جینیاتی مطالعات سے یہ بھی انکشاف ہوا ہے کہ سائبیریا کے ترک بولنے والے لوگوں جیسے الٹائی ، کھاکا ، شور اور سویوٹس ، جو الٹائی اور بائیکل جھیل کے درمیان سیان پہاڑوں کے ساتھ رہتے ہیں ، جینیاتی طور پر امریکی ہندوستانیوں کے قریب ہیں۔ یہ نقطہ نظر دوسرے محققین کے ذریعہ شیئر کیا گیا ہے جو استدلال کرتے ہیں کہ ""امریکی ہندوستانیوں کے آباؤ اجداد وسطی پیلیولیتھک میں عظیم ایشیائی آبادی سے الگ ہونے والے پہلے تھے۔",B,,,
"When, in 1974, he shared the Nobel Memorial Prize in Economics with Gunnar Myrdal, the latter complained about being paired with an ""ideologue"".","جب ، 1974 میں ، اس نے معاشیات میں نوبل میموریل انعام گنر میرڈال کے ساتھ شیئر کیا تو ، مؤخر الذکر نے ""نظریاتی"" کے ساتھ جوڑا بنانے کی شکایت کی۔","جب ، 1974 میں ، انہوں نے گنار میرڈل کے ساتھ معاشیات میں نوبل میموریل پرائز کا اشتراک کیا ، تو مؤخر الذکر نے شکایت کی کہ انہیں ایک ""آئیڈیالوجسٹ"" کے ساتھ جوڑا بنایا گیا ہے۔",A,,,
"Consolidation gave Jacksonville its great size and placed most of its metropolitan population within the city limits; with an estimated population of 853,382 in 2014, it is the most populous city proper in Florida and the Southeast, and the 12th most populous in the United States.",استحکام نے جیکسن ویل کو اس کا عمدہ سائز دیا اور اس کی میٹروپولیٹن آبادی کا بیشتر حصہ شہر کی حدود میں رکھ دیا۔2014 میں 853،382 کی تخمینہ آبادی کے ساتھ ، یہ فلوریڈا اور جنوب مشرق میں سب سے زیادہ آبادی والا شہر ہے ، اور ریاستہائے متحدہ میں 12 واں سب سے زیادہ آبادی ہے۔,انضمام نے جیکسن ویل کو اس کا بڑا سائز دیا اور اس کی زیادہ تر میٹروپولیٹن آبادی کو شہر کی حدود میں رکھا۔ 2014 میں 853،382 کی تخمینہ آبادی کے ساتھ ، یہ فلوریڈا اور جنوب مشرقی میں سب سے زیادہ آبادی والا شہر ہے ، اور ریاستہائے متحدہ میں 12 واں سب سے زیادہ آبادی والا شہر ہے۔,B,,,
Cubism began between 1907 and 1911.,کیوبزم کا آغاز 1907 سے 1911 کے درمیان ہوا۔,کیوبزم کا آغاز 1907 اور 1911 کے درمیان ہوا۔,B,,,
Neuroscientist Michael Nikoletseas has proposed that questions of the existence of God are no different from questions of natural sciences.,نیورو سائنسدان مائیکل نکولٹسیس نے تجویز پیش کی ہے کہ خدا کے وجود کے سوالات قدرتی علوم کے سوالات سے مختلف نہیں ہیں۔,اعصابی سائنسدان مائیکل نیکولیسیس نے تجویز کیا ہے کہ خدا کے وجود کے سوالات قدرتی علوم کے سوالات سے مختلف نہیں ہیں۔,A,,,
"He did not endorse everything old or reject everything new; rather, he sought to apply long-established ethical and pedagogical principles to a rapidly changing culture.",اس نے پرانی ہر چیز کی توثیق نہیں کی یا ہر چیز کو مسترد نہیں کیا۔بلکہ ، اس نے تیزی سے بدلتے ہوئے ثقافت پر طویل عرصے سے قائم اخلاقی اور تعلیمی اصولوں کو لاگو کرنے کی کوشش کی۔,وہ ہر پرانی چیز کی توثیق نہیں کرتا تھا اور نہ ہی ہر نئی چیز کو مسترد کرتا تھا۔ اس کے بجائے ، اس نے تیزی سے بدلتی ثقافت پر طویل عرصے سے قائم اخلاقی اور تعلیمی اصولوں کو لاگو کرنے کی کوشش کی۔,A,,,
Everton agreed a long-term loan of £30 million with Bear Stearns and Prudential plc in 2002 over the duration of 25 years; a consolidation of debts at the time as well as a source of capital for new player acquisitions.,ایورٹن نے 2002 میں 25 سال کی مدت میں 2002 میں ریچھ اسٹارنس اور پرڈینشل پی ایل سی کے ساتھ 30 ملین ڈالر کے طویل مدتی قرض پر اتفاق کیا۔اس وقت قرضوں کا استحکام اور ساتھ ہی نئے کھلاڑیوں کے حصول کے لئے دارالحکومت کا ایک ذریعہ۔,ایورٹن نے 2002 میں بیئر اسٹرنس اور پروڈینشل پی ایل سی کے ساتھ 25 سال کی مدت کے لئے 30 ملین پاؤنڈ کے طویل مدتی قرض پر اتفاق کیا؛ اس وقت قرضوں کی استحکام کے ساتھ ساتھ نئے کھلاڑیوں کے حصول کے لئے دارالحکومت کا ایک ذریعہ۔,B,,,
"Also, functional neuroanatomy uses medical imaging techniques to correlate variations in human brain structure with differences in cognition or behavior.",نیز ، فنکشنل نیوروانیٹومی طبی امیجنگ تکنیکوں کا استعمال انسانی دماغ کے ڈھانچے میں مختلف حالتوں کو ادراک یا طرز عمل میں اختلافات کے ساتھ کرتا ہے۔,اس کے علاوہ ، فنکشنل نیورو اناتومی انسانی دماغ کی ساخت میں تغیرات کو علمی یا رویے میں اختلافات کے ساتھ منسلک کرنے کے لئے میڈیکل امیجنگ تکنیک کا استعمال کرتی ہے۔,B,,,
The religious borders are largely comparable to the East–West Schism which began in the 11th century.,مذہبی سرحدیں بڑے پیمانے پر مشرق - مغرب کے فرقہ و غضب سے موازنہ ہیں جو 11 ویں صدی میں شروع ہوئی تھیں۔,مذہبی سرحدیں بڑے پیمانے پر مشرقی مغربی تقسیم کے مقابلے میں ہیں جو گیارہویں صدی میں شروع ہوئی تھیں۔,B,,,
"The state also has 2.4 million beef cattle, with more than 2.2 million cattle and calves slaughtered each year.",ریاست میں گائے کے گوشت کے 2.4 لاکھ مویشی بھی ہیں ، جن میں ہر سال 2.2 ملین سے زیادہ مویشی اور بچھڑوں کو ذبح کیا جاتا ہے۔,اس ریاست میں 2.4 ملین گائے کے مویشی بھی ہیں ، جن میں ہر سال 2.2 ملین سے زیادہ مویشی اور بچھڑے ذبح کیے جاتے ہیں۔,A,,,
Puerto Rico has been discussed as a potential 51st state of the United States.,پورٹو ریکو پر ریاستہائے متحدہ کی 51 ویں ریاست کے طور پر تبادلہ خیال کیا گیا ہے۔,پورٹو ریکو پر امریکہ کی ممکنہ 51 ویں ریاست کے طور پر تبادلہ خیال کیا گیا ہے۔,B,,,
"The performance of ""Summertime"" by Barrino, later known simply as ""Fantasia"", at Top 8 was widely praised, and Simon Cowell considered it as his favorite Idol moment in the nine seasons he was on the show.","بارینو کے ذریعہ ""سمر ٹائم"" کی کارکردگی ، جسے بعد میں صرف ""فنتاسیہ"" کے نام سے جانا جاتا تھا ، کو ٹاپ 8 میں بڑے پیمانے پر سراہا گیا ، اور سائمن کوول نے اس شو میں نو سیزن میں اسے اپنا پسندیدہ بت لمحہ سمجھا۔","ٹاپ 8 میں بارینو کے ""سمر ٹائم"" کی کارکردگی ، جسے بعد میں صرف ""فینٹاسیا"" کے نام سے جانا جاتا ہے ، کی وسیع پیمانے پر تعریف کی گئی تھی ، اور سائمن کاول نے اسے شو میں نو سیزن میں اپنے پسندیدہ آئیڈل لمحے کے طور پر سمجھا تھا۔",B,,,
"The Russian SFSR was controlled by the Communist Party of the Soviet Union, until the abortive 1991 August coup, which prompted President Yeltsin to suspend the recently created Communist Party of the Russian Soviet Federative Socialist Republic.",روسی ایس ایف ایس آر کو سوویت یونین کی کمیونسٹ پارٹی نے کنٹرول کیا تھا ، 1991 کے اگست کے اس خاتمے تک ، جس نے صدر یلسن کو روسی سوویت فیڈریٹو سوشلسٹ جمہوریہ کی حال ہی میں بنی کمیونسٹ پارٹی کو معطل کرنے پر مجبور کیا۔,روسی ایس ایف ایس آر پر سوویت یونین کی کمیونسٹ پارٹی کا کنٹرول تھا ، جب تک کہ 1991 اگست کی ناکام بغاوت ، جس نے صدر یلسن کو حال ہی میں تشکیل دی گئی روسی سوویت وفاقی سوشلسٹ جمہوریہ کی کمیونسٹ پارٹی کو معطل کرنے پر مجبور کیا۔,B,,,
"Eton also observes St. Andrew's Day, on which the Eton wall game is played.[citation needed]",ایٹن نے سینٹ اینڈریو ڈے کا بھی مشاہدہ کیا ، جس پر ایٹن وال گیم کھیلا جاتا ہے۔ [حوالہ کی ضرورت],ایٹن سینٹ اینڈریو ڈے کا بھی مشاہدہ کرتا ہے ، جس پر ایٹن وال گیم کھیلا جاتا ہے۔ [ حوالہ کی ضرورت ہے ],B,,,
This is the plesyomorphic condition among viviparous mammals; the presence of epipubic bones in all non-placental mammals prevents the expansion of the torso needed for full pregnancy.,یہ viviparous ستنداریوں کے درمیان plesiomorphic حالت ہے۔تمام غیر پلیسنٹل ستنداریوں میں ایپیپوبک ہڈیوں کی موجودگی مکمل حمل کے لئے درکار دھڑ کی توسیع کو روکتی ہے۔,یہ viviparous ستنداریوں کے درمیان plesyomorphic حالت ہے؛ تمام غیر placental ستنداریوں میں epipubic ہڈیوں کی موجودگی مکمل حمل کے لئے ضروری ٹورسو کی توسیع کو روکتا ہے.,C,,,
"The treaty was published in the United States for the first time by the St. Louis Post-Dispatch on May 22, 1946, in Britain by the Manchester Guardian.",یہ معاہدہ ریاست ہائے متحدہ امریکہ میں پہلی بار سینٹ لوئس پوسٹ ڈسپیچ نے 22 مئی 1946 کو مانچسٹر گارڈین کے ذریعہ برطانیہ میں شائع کیا تھا۔,یہ معاہدہ پہلی بار ریاستہائے متحدہ میں 22 مئی 1946 کو سینٹ لوئس پوسٹ ڈسپچ کے ذریعہ شائع کیا گیا تھا ، برطانیہ میں مانچسٹر گارڈین کے ذریعہ۔,B,,,
"The further decline of Byzantine state-of-affairs paved the road to a third attack in 1185, when a large Norman army invaded Dyrrachium, owing to the betrayal of high Byzantine officials.",بازنطینی اسٹیٹ آف اثاثوں کے مزید زوال نے 1185 میں تیسرے حملے کی راہ ہموار کردی ، جب ایک بڑی نارمن فوج نے بزنطین کے اعلی عہدیداروں کے ساتھ غداری کی وجہ سے ڈیرراچیم پر حملہ کیا۔,بازنطینی ریاست کے مزید زوال نے 1185 میں تیسرے حملے کی راہ ہموار کی ، جب ایک بڑی نارمن فوج نے اعلی بازنطینی عہدیداروں کے غداری کی وجہ سے ڈراچیم پر حملہ کیا۔,B,,,
It is funded and operated largely by city resources and employees.,یہ شہر کے وسائل اور ملازمین کے ذریعہ بڑے پیمانے پر مالی اعانت اور چلائی جاتی ہے۔,یہ بڑے پیمانے پر شہر کے وسائل اور ملازمین کی طرف سے فنڈ اور چلایا جاتا ہے.,C,,,
"In 1765 Burke became private secretary to the liberal Whig statesman, Charles, Marquess of Rockingham, then Prime Minister of Great Britain, who remained Burke's close friend and associate until his untimely death in 1782.",1765 میں برک لبرل وِگ اسٹیٹسمین ، چارلس ، مارکس آف راکنگھم کے نجی سکریٹری بن گئے ، اس وقت کے عظیم برطانیہ کے وزیر اعظم ، جو 1782 میں برک کے قریبی دوست اور اس کے ساتھ وابستہ رہے۔,1765 میں برک لبرل وِگ سیاستدان ، چارلس ، مارکیس آف راکنگھم ، اس وقت برطانیہ کے وزیر اعظم کے نجی سکریٹری بن گئے ، جو 1782 میں ان کی قبل از وقت موت تک برک کے قریبی دوست اور ساتھی رہے۔,B,,,
They differ on whether the race concept remains a meaningful and useful social convention.,وہ اس پر مختلف ہیں کہ آیا ریس کا تصور ایک معنی خیز اور مفید سماجی کنونشن ہے۔,وہ اس بات پر اختلاف کرتے ہیں کہ کیا نسل کا تصور ایک معنی خیز اور مفید معاشرتی کنونشن ہے۔,B,,,
"The adverse reaction, once the paper had hit the streets on the evening of 21 September, led to the headline being changed for the paper's second edition to the more sympathetic ""Sad Bruno In Mental Home"".","منفی ردعمل ، ایک بار جب کاغذ 21 ستمبر کی شام سڑکوں پر ٹکرا گیا ، اس کے نتیجے میں اس کاغذ کے دوسرے ایڈیشن کی سرخی کو زیادہ ہمدرد ""ذہنی گھر میں غمگین برونو"" میں تبدیل کردیا گیا۔","منفی ردعمل ، ایک بار جب اخبار 21 ستمبر کی شام کو سڑکوں پر پہنچ گیا تھا ، اس کے نتیجے میں اخبار کے دوسرے ایڈیشن کے لئے عنوان کو زیادہ ہمدردی سے تبدیل کردیا گیا تھا ""دماغی گھر میں اداس برونو""۔",C,,,
"The incessant replaying of the ""Dean Scream"" by the press became a debate on the topic of whether Dean was the victim of media bias.","پریس کے ذریعہ ""ڈین چیخ"" کی مسلسل دوبارہ کھیلنا اس موضوع پر ایک بحث بن گیا کہ آیا ڈین میڈیا تعصب کا شکار تھا یا نہیں۔","پریس کی طرف سے ""ڈین چیخ"" کی مسلسل تکرار اس موضوع پر ایک بحث بن گئی کہ کیا ڈین میڈیا تعصب کا شکار تھا.",B,,,
Some windows were subsequently bricked-in.,کچھ کھڑکیاں بعد میں اینٹ میں تھیں۔,کچھ کھڑکیوں کو بعد میں bricked میں کیا گیا تھا.,C,,,
"The chief of these was Wu Sangui, who was given the provinces of Yunnan and Guizhou, while generals Shang Kexi and Geng Jingzhong were given Guangdong and Fujian provinces respectively.",ان کے چیف وو سنگوئی تھے ، جنھیں یونان اور گوئزو کے صوبے دیئے گئے تھے ، جبکہ جرنیلوں شانگ کیکسی اور گینگ جینگ زونگ کو بالترتیب گوانگ ڈونگ اور فوزیان صوبے دیئے گئے تھے۔,ان کا سربراہ وو سانگوئی تھا ، جسے یوننان اور گیزہو کے صوبے دیئے گئے تھے ، جبکہ جنرل شانگ کیسی اور گینگ جینگ زونگ کو بالترتیب گوانگ ڈونگ اور فوجیان صوبے دیئے گئے تھے۔,A,,,
"Under the number ""4"" for radical stroke count, the user locates 木, then turns to the page number listed, which is the start of the listing of all the characters containing this radical.","بنیاد پرست اسٹروک گنتی کے لئے ""4"" نمبر کے تحت ، صارف تلاش کرتا ہے 木 ، پھر درج صفحہ نمبر کی طرف رجوع کرتا ہے ، جو اس بنیاد پر مشتمل تمام کرداروں کی فہرست کا آغاز ہے۔","ریڈیکل اسٹروک گنتی کے لئے نمبر ""4"" کے تحت ، صارف 木 کا پتہ لگاتا ہے ، پھر درج صفحے کے نمبر پر جاتا ہے ، جو اس ریڈیکل پر مشتمل تمام حروف کی فہرست کا آغاز ہے۔",B,,,
In the early 1970s the Rolling Stones developed their hard rock sound with Exile on Main St. (1972).,1970 کی دہائی کے اوائل میں رولنگ اسٹونز نے مین سینٹ (1972) پر جلاوطنی کے ساتھ اپنی سخت چٹان کی آواز تیار کی۔,1970 کی دہائی کے اوائل میں رولنگ اسٹونز نے مین اسٹریٹ پر جلاوطنی (1972) کے ساتھ اپنی ہارڈ راک آواز تیار کی۔,B,,,
"Elizabeth I of England, primarily interested in trade with the east, collaborated with English merchants to form the first trading companies to the far-flung regions, using their own jargon.",انگلینڈ کی الزبتھ اول ، بنیادی طور پر مشرق کے ساتھ تجارت میں دلچسپی رکھتے ہیں ، انگریزی تاجروں کے ساتھ مل کر اپنے اپنے جرگان کا استعمال کرتے ہوئے ، دور دراز علاقوں میں پہلی تجارتی کمپنیوں کی تشکیل کے لئے تعاون کرتے ہیں۔,انگلینڈ کی الزبتھ اول ، جو بنیادی طور پر مشرق کے ساتھ تجارت میں دلچسپی رکھتی تھیں ، نے انگریزی تاجروں کے ساتھ مل کر اپنی زبان کا استعمال کرتے ہوئے دور دراز علاقوں میں پہلی تجارتی کمپنیاں تشکیل دیں۔,B,,,
"In the debate, both sides and even courts in their decisions have frequently invoked Popper's criterion of falsifiability (see Daubert standard).",مباحثے میں ، دونوں فریقوں اور یہاں تک کہ عدالتوں نے اپنے فیصلوں میں عدالتوں نے پوپر کے غلط فہمی کے معیار کو کثرت سے طلب کیا ہے (دیکھیں ڈاؤبرٹ اسٹینڈرڈ)۔,بحث میں ، دونوں فریقوں اور یہاں تک کہ عدالتوں نے اپنے فیصلوں میں اکثر پوپر کے غلط فہمی کے معیار کا حوالہ دیا ہے (دوبارٹ معیار دیکھیں) ۔,B,,,
"For example, a typical vacuum cleaner produces enough suction to reduce air pressure by around 20%.",مثال کے طور پر ، ایک عام ویکیوم کلینر ہوا کے دباؤ کو تقریبا 20 20 ٪ کم کرنے کے ل enough کافی سکشن پیدا کرتا ہے۔,مثال کے طور پر، ایک عام ویکیوم کلینر ہوا کے دباؤ کو تقریبا 20٪ کم کرنے کے لئے کافی سکشن پیدا کرتا ہے.,B,,,
"His election was disputed, and members of the Board of Directors accused him of acting in an autocratic and secretive manner.",اس کا انتخاب متنازعہ تھا ، اور بورڈ آف ڈائریکٹرز کے ممبروں نے اس پر الزام لگایا کہ وہ خود مختار اور خفیہ انداز میں کام کرے گا۔,ان کے انتخاب پر تنازعہ پیدا ہوا ، اور بورڈ آف ڈائریکٹرز کے ممبروں نے ان پر خود مختار اور خفیہ انداز میں کام کرنے کا الزام لگایا۔,B,,,
"While the initial focus was on developing modern hospitals, schools, factories and massive public works, perhaps the most long-lasting effects of the Porfirian modernization were creation of the Colonia Roma area and the development of Reforma Avenue.",اگرچہ ابتدائی توجہ جدید اسپتالوں ، اسکولوں ، فیکٹریوں اور بڑے پیمانے پر عوامی کاموں کی ترقی پر مرکوز تھی ، شاید پورفیرین جدید کاری کے سب سے دیرپا اثرات کولونیا روما کے علاقے کی تشکیل اور ریفارم ایونیو کی ترقی تھے۔,اگرچہ ابتدائی توجہ جدید اسپتالوں ، اسکولوں ، فیکٹریوں اور بڑے پیمانے پر عوامی کاموں کی ترقی پر تھی ، لیکن شاید پورفیری جدید کاری کے سب سے دیرپا اثرات کالونیا روما علاقے کی تخلیق اور ریفارما ایونیو کی ترقی تھے۔,C,,,
"Virgil is said to have recited Books 2, 4, and 6 to Augustus; and Book 6 apparently caused Augustus' sister Octavia to faint.",کہا جاتا ہے کہ ورجیل نے کتابیں 2 ، 4 ، اور 6 اگسٹس کی تلاوت کی ہیں۔اور کتاب 6 نے بظاہر آگسٹس کی بہن اوکٹویا کو بے ہوش کردیا۔,کہا جاتا ہے کہ ورجیل نے آگسٹس کو کتابیں 2، 4 اور 6 پڑھی تھیں۔ اور کتاب 6 نے بظاہر آگسٹس کی بہن اوکٹیویا کو بے ہوش کردیا۔,B,,,
", people were asked to rate themselves on a scale from completely heterosexual to completely homosexual.",، لوگوں سے کہا گیا تھا کہ وہ خود کو مکمل طور پر ہم جنس پرستی سے لے کر مکمل طور پر ہم جنس پرست تک اسکیل پر درجہ بندی کریں۔,، لوگوں سے کہا گیا تھا کہ وہ اپنے آپ کو مکمل طور پر ہم جنس پرست سے لے کر مکمل طور پر ہم جنس پرست تک کے پیمانے پر درجہ بندی کریں۔,C,,,
"The second Allstar game was in Oct. 2013, with two games, the first in Honolulu, Hawai'i, the second being in Beijing, China.",دوسرا آل اسٹار گیم اکتوبر 2013 میں تھا ، دو کھیلوں کے ساتھ ، پہلے ہونولوولو ، ہوائی میں ، دوسرا ، چین کے شہر بیجنگ میں تھا۔,دوسرا آل اسٹار گیم اکتوبر 2013 میں ہوا تھا ، جس میں دو کھیل تھے ، پہلا ہونولولو ، ہوائی میں ، دوسرا بیجنگ ، چین میں۔,B,,,
A dominant element was the intellectual angle they took.,ایک غالب عنصر وہ دانشورانہ زاویہ تھا جو انہوں نے لیا تھا۔,ایک غالب عنصر وہ دانشورانہ زاویہ تھا جو انہوں نے لیا تھا۔,C,,,
"This time they launched the first woman (also the first civilian), Valentina Tereshkova, into space on Vostok 6.",اس بار انہوں نے پہلی خاتون (پہلی سویلین بھی) ، ویلنٹینا تیریشکووا کو ووسٹک 6 پر خلا میں لانچ کیا۔,اس بار انہوں نے پہلی عورت (پہلی شہری بھی) ، والینٹینا ٹیرشکووا کو ووسٹوک 6 پر خلا میں لانچ کیا۔,C,,,
"The term ""botany"" comes from the Ancient Greek word βοτάνη (botanē) meaning ""pasture"", ""grass"", or ""fodder""; βοτάνη is in turn derived from βόσκειν (boskein), ""to feed"" or ""to graze"".","""نباتیات"" کی اصطلاح قدیم یونانی لفظ βοτάνη (بوٹانی) سے ہے جس کا مطلب ہے ""چراگاہ"" ، ""گھاس"" ، یا ""چارے"" ؛bull ، بدلے میں βόσκειν (بوسکن) ، ""کھانا کھلانا"" یا ""چرنے کے لئے"" سے اخذ کیا گیا ہے۔","اصطلاح "" نباتات "" قدیم یونانی لفظ βοτάνη (botanē) سے آتی ہے جس کا مطلب ہے "" چراگاہ "" ، "" گھاس "" ، یا "" چارہ "" ؛ βοτάνη بدلے میں βόσκειν (boskein) سے ماخوذ ہے ، "" کھانا کھلانا "" یا "" چارہ""۔",B,,,
"According to Sadat, Nasser decided to wage ""a large scale assassination campaign"".","سادات کے مطابق ، ناصر نے ""بڑے پیمانے پر قتل کی مہم"" چلانے کا فیصلہ کیا۔","سادات کے مطابق ، ناصر نے ""بڑے پیمانے پر قتل کی مہم"" چلانے کا فیصلہ کیا۔",C,,,
"Sinop provided the United Kingdom and France with the casus belli (""cause for war"") for declaring war against Russia.","سنوپ نے روس کے خلاف جنگ کا اعلان کرنے کے لئے برطانیہ اور فرانس کو کاسس بیلی (""جنگ کا سبب"") فراہم کیا۔","سینوپ نے برطانیہ اور فرانس کو روس کے خلاف جنگ کا اعلان کرنے کے لئے کاسس بیلی (""جنگ کا سبب"") فراہم کیا۔",C,,,
This is a socio-economic bloc of nations in or near the Caribbean Sea.,یہ بحیرہ کیریبین میں یا اس کے آس پاس اقوام کا ایک سماجی و معاشی بلاک ہے۔,یہ بحیرہ کیریبین میں یا اس کے قریب ممالک کا ایک سماجی و معاشی بلاک ہے۔,A,,,
"This principle holds that the rules of physics must be the same for all observers, regardless of the frame of reference that is used, and that light propagates at the same speed in all reference frames.",اس اصول کا خیال ہے کہ طبیعیات کے قواعد تمام مبصرین کے لئے یکساں ہونا چاہئے ، قطع نظر اس کے کہ استعمال ہونے والے حوالہ کے فریم سے قطع نظر ، اور یہ کہ روشنی تمام ریفرنس فریموں میں ایک ہی رفتار سے پھیلتی ہے۔,اس اصول کا کہنا ہے کہ طبیعیات کے قوانین تمام مبصرین کے لئے ایک جیسے ہونے چاہئیں، قطع نظر اس سے کہ حوالہ کے فریم کا استعمال کیا جاتا ہے، اور یہ کہ روشنی تمام حوالہ فریموں میں ایک ہی رفتار سے پھیلتی ہے۔,C,,,
"On 4 November 2003, voters approved a greenbelt plan under which the city government bought development rights on agricultural parcels of land adjacent to Ann Arbor to preserve them from sprawling development.",4 نومبر 2003 کو ، رائے دہندگان نے گرین بیلٹ منصوبے کی منظوری دی جس کے تحت سٹی حکومت نے این آربر سے ملحقہ زمین کے زرعی پارسلوں پر ترقیاتی حقوق خریدے تاکہ انہیں وسیع تر ترقی سے بچایا جاسکے۔,4 نومبر 2003 کو ، ووٹرز نے ایک گرین بیلٹ پلان کی منظوری دی جس کے تحت شہر کی حکومت نے ان آربر کے ساتھ ملحقہ زرعی زمین کے ٹکڑوں پر ترقیاتی حقوق خریدے تاکہ انہیں پھیلتی ہوئی ترقی سے بچایا جاسکے۔,B,,,
Pashmina shawls are a product that is highly in demand in Himachal and all over the country.,پشمینا شال ایک ایسی مصنوع ہے جس کی مانگ ہماچل اور پورے ملک میں بہت زیادہ ہے۔,پشمینا شال ایک ایسی مصنوعات ہے جس کی ہماچل اور پورے ملک میں بہت مانگ ہے۔,C,,,
"Their publications teach that doctrinal changes and refinements result from a process of progressive revelation, in which God gradually reveals his will and purpose, and that such enlightenment or ""new light"" results from the application of reason and study, the guidance of the holy spirit, and direction from Jesus Christ and angels.","ان کی اشاعتوں میں یہ سکھایا جاتا ہے کہ نظریاتی تبدیلیوں اور تطہیر کا نتیجہ ترقی پسند انکشاف کے عمل سے ہوتا ہے ، جس میں خدا آہستہ آہستہ اپنی مرضی اور مقصد کو ظاہر کرتا ہے ، اور اس طرح کی روشن خیالی یا ""نئی روشنی"" استدلال اور مطالعہ کے اطلاق ، روح القدس کی رہنمائی سے نکلتی ہے۔، اور یسوع مسیح اور فرشتوں کی سمت۔","اُن کی اشاعتیں سکھاتی ہیں کہ عقائد میں تبدیلیاں اور اصلاحات بتدریج نازل ہونے کے عمل کا نتیجہ ہیں، جس میں خدا آہستہ آہستہ اپنی مرضی اور مقصد کو ظاہر کرتا ہے، اور یہ کہ اس طرح کی روشنی یا ""نئی روشنی"" عقلمندی اور مطالعہ، روح القدس کی رہنمائی، اور یسوع مسیح اور فرشتوں کی ہدایت کا نتیجہ ہے۔",B,,,
""" Later, a consensus formed among mainstream pollsters and pundits that Kerry won the debate decisively, strengthening what had come to be seen as a weak and troubled campaign.","""بعد میں ، مرکزی دھارے میں شامل رائے دہندگان اور پنڈتوں کے مابین ایک اتفاق رائے قائم ہوا کہ کیری نے فیصلہ کن انداز میں کامیابی حاصل کی ، جس سے ایک کمزور اور پریشان کن مہم کے طور پر دیکھنے کو ملتی ہے۔",""" بعد میں ، مرکزی دھارے کے سروے کرنے والوں اور ماہرین کے درمیان ایک اتفاق رائے پیدا ہوا کہ کیری نے بحث کو فیصلہ کن طور پر جیت لیا ، جس نے ایک کمزور اور پریشان کن مہم کے طور پر دیکھا گیا تھا۔",C,,,
Islam and Judaism have a complex relationship.,اسلام اور یہودیت کا ایک پیچیدہ رشتہ ہے۔,اسلام اور یہودیت کا ایک پیچیدہ رشتہ ہے۔,C,,,
"State collateral review, though an important step in that it helps define the scope of subsequent review through federal habeas corpus, is rarely successful in and of itself.",ریاستی خودکش حملہ ، اگرچہ اس میں ایک اہم اقدام اس کے بعد فیڈرل ہیبیئس کارپس کے ذریعہ بعد میں ہونے والے جائزے کے دائرہ کار کی وضاحت کرنے میں مدد کرتا ہے ، لیکن خود میں شاذ و نادر ہی کامیاب ہے۔,ریاستی ضمانت کی جانچ پڑتال، اگرچہ ایک اہم قدم ہے کیونکہ یہ وفاقی ہیبیاس کورپس کے ذریعے بعد میں جانچ پڑتال کے دائرہ کار کی وضاحت میں مدد کرتا ہے، شاذ و نادر ہی خود میں اور خود میں کامیاب ہے.,B,,,
"Small-scale ""expedition tourism"" has existed since 1957 and is currently subject to Antarctic Treaty and Environmental Protocol provisions, but in effect self-regulated by the International Association of Antarctica Tour Operators (IAATO).","چھوٹے پیمانے پر ""مہم سیاحت"" 1957 سے موجود ہے اور فی الحال انٹارکٹک معاہدے اور ماحولیاتی پروٹوکول کی دفعات کے تابع ہے ، لیکن بین الاقوامی ایسوسی ایشن آف انٹارکٹیکا ٹور آپریٹرز (IAATO) کے ذریعہ خود ضابطہ اخلاق ہے۔","چھوٹے پیمانے پر ""ایکسپیڈیشن سیاحت"" 1957 سے موجود ہے اور فی الحال انٹارکٹک معاہدے اور ماحولیاتی پروٹوکول کی دفعات کے تابع ہے ، لیکن حقیقت میں انٹارکٹیکا ٹور آپریٹرز کی بین الاقوامی ایسوسی ایشن (IAATO) کے ذریعہ خود کو منظم کیا جاتا ہے۔",B,,,
"Due to Eastern Lombard's status as a Gallo-Italic language, an Eastern Lombard speaker may, in fact, have more mutual intelligibility with a Occitan, Catalan, or French speaker than a standard Italian or Sicilian language speaker.",مشرقی لمبارڈ کی ایک گیلو-اخلاقی زبان کی حیثیت کی وجہ سے ، ایک مشرقی لمبارڈ اسپیکر ، در حقیقت ، ایک معیاری اطالوی یا سیسیلین زبان کے اسپیکر سے زیادہ واقعہ ، کاتالان ، یا فرانسیسی اسپیکر کے ساتھ زیادہ باہمی اہلیت حاصل کرسکتا ہے۔,مشرقی لومبارڈ کی حیثیت سے ایک گالو-اٹالک زبان کی حیثیت سے ، ایک مشرقی لومبارڈ اسپیکر ، حقیقت میں ، ایک معیاری اطالوی یا سسلی زبان کے اسپیکر کے مقابلے میں اوکسیٹن ، کاتالان ، یا فرانسیسی اسپیکر کے ساتھ زیادہ باہمی فہم ہوسکتا ہے۔,C,,,
The San Diego Yacht Club hosted the America's Cup yacht races three times during the period 1988 to 1995.,سان ڈیاگو یاٹ کلب نے 1988 سے 1995 کے دوران تین بار امریکہ کے کپ یاٹ ریس کی میزبانی کی۔,سان ڈیاگو یاٹ کلب نے 1988 سے 1995 کے عرصے کے دوران تین بار امریکہ کپ یاٹ ریسوں کی میزبانی کی۔,C,,,
"Such cities are for example Lublin, Kraków, Gdańsk, Poznań.",اس طرح کے شہر مثال کے طور پر لبلن ، کراکو ، گڈاسک ، پوزنا ń ہیں۔,اس طرح کے شہروں میں مثال کے طور پر لبلن، کراکو، Gdańsk، Poznań ہیں.,C,,,
"France and England experienced serious peasant uprisings, such as the Jacquerie and the Peasants' Revolt, as well as over a century of intermittent conflict in the Hundred Years' War.",فرانس اور انگلینڈ کو جیکری اور کسانوں کی بغاوت جیسے سنگین کسان بغاوت کا سامنا کرنا پڑا ، نیز سو سالوں کی جنگ میں وقفے وقفے سے ایک صدی سے زیادہ تنازعہ کا سامنا کرنا پڑا۔,فرانس اور انگلینڈ نے سنگین کسان بغاوتوں کا تجربہ کیا ، جیسے جیکری اور کسانوں کی بغاوت ، نیز سو سالہ جنگ میں ایک صدی سے زیادہ وقفے وقفے سے تنازعہ کا سامنا کرنا پڑا۔,A,,,
"Book 9 records an assault by Nisus and Euryalus on the Rutulians, Book 10, the death of Evander's young son Pallas, and 11 the death of the Volscian warrior princess Camilla and the decision to settle the war with a duel between Aeneas and Turnus.",کتاب 9 میں نیسس اور یوریئلس کے ذریعہ روٹولینز ، کتاب 10 ، ایونڈر کے جوان بیٹے پلس کی موت ، اور 11 وولسکیئن واریر شہزادی کیملا کی موت اور اینیاس اور ٹرنس کے مابین دوندوی کے ساتھ جنگ کو حل کرنے کے فیصلے کا ریکارڈ ہے۔,کتاب 9 میں نیسس اور یوریلس کا روٹولینز پر حملہ ، کتاب 10 ، ایوانڈر کے نوجوان بیٹے پالاس کی موت ، اور 11 وولسکیائی جنگجو شہزادی کیملا کی موت اور ایینیس اور ٹرنس کے مابین دوئل کے ساتھ جنگ کو حل کرنے کا فیصلہ درج ہے۔,B,,,
"In 2004, declassified documents revealed that the U.S. was so distraught by the rise in oil prices and being challenged by under-developed countries that they briefly considered military action to forcibly seize Middle Eastern oilfields in late 1973.",2004 میں ، ناقص دستاویزات سے انکشاف ہوا کہ امریکی تیل کی قیمتوں میں اضافے اور کم ترقی یافتہ ممالک کے ذریعہ چیلنج کیا گیا تھا کہ انہوں نے 1973 کے آخر میں مشرق وسطی کے تیل کے میدانوں کو زبردستی ضبط کرنے کے لئے فوجی کارروائی پر مختصر طور پر غور کیا۔,2004 میں ، غیر خفیہ دستاویزات نے انکشاف کیا کہ امریکہ تیل کی قیمتوں میں اضافے سے اتنا پریشان تھا اور کم ترقی یافتہ ممالک کے ذریعہ چیلنج کیا جارہا تھا کہ انہوں نے 1973 کے آخر میں مشرق وسطی کے تیل کے کھیتوں پر زبردستی قبضہ کرنے کے لئے مختصر طور پر فوجی کارروائی پر غور کیا۔,B,,,
""" He acknowledged that Calhoun also ""believed that the highest forms of civilization depend on involuntary servitude.","""انہوں نے اعتراف کیا کہ کلہون نے یہ بھی یقین کیا کہ تہذیب کی اعلی ترین شکلیں غیرضروری غلامی پر منحصر ہیں۔","انہوں نے تسلیم کیا کہ کالہون نے بھی ""یقین کیا کہ تہذیب کی اعلی ترین شکلیں غیر رضاکارانہ غلامی پر منحصر ہیں۔",B,,,
English and Spanish are also part of the official curriculum.,انگریزی اور ہسپانوی بھی سرکاری نصاب کا حصہ ہیں۔,انگریزی اور ہسپانوی بھی سرکاری نصاب کا حصہ ہیں.,C,,,
The new theological freedoms which he fostered resulted in a pluralism of opinions and uncertainties among the faithful.,نئی مذہبی آزادیوں کو جو انہوں نے پروان چڑھایا اس کے نتیجے میں وفاداروں میں رائے اور غیر یقینی صورتحال کی تکثیریت کا سامنا کرنا پڑا۔,نئی الہیاتی آزادیوں جس کی انہوں نے حوصلہ افزائی کی اس کے نتیجے میں مومنوں کے درمیان رائے اور غیر یقینی صورتحال کا کثرت پیدا ہوا۔,C,,,
"The Seven Monument Zones (Mzs) inscribed originally in 1979 and with a minor modification in 2006 are Durbar squares of Hanuman Dhoka, Patan and Bhaktapur, Hindu temples of Pashupatinath and Changunarayan, the Buddhist stupas of Swayambhu and Boudhanath.",سات یادگار زونز (ایم زیڈز) نے اصل میں 1979 میں لکھا ہوا تھا اور 2006 میں معمولی ترمیم کے ساتھ ہی ہنومان دھوکا ، پٹن اور بھکتا پور کے دربار چوکور ، پشوپتیناتھ کے ہندو مندر ، سویئمبھو اور بودھاناتھ کے بدھ اسٹوپا ہیں۔,سات یادگار زون (Mzs) اصل میں 1979 میں درج کیا گیا تھا اور 2006 میں معمولی ترمیم کے ساتھ ہنومان ڈھوکہ ، پٹان اور بختاپور کے دربار اسکوائر ، پشوپتی ناتھ اور چنگونارائن کے ہندو مندر ، سویامبو اور بودھ ستپاس ہیں۔,B,,,
"However, they criticized the exterior design and the build quality in relation to the original model.",تاہم ، انہوں نے اصل ماڈل کے سلسلے میں بیرونی ڈیزائن اور تعمیر کے معیار پر تنقید کی۔,تاہم ، انہوں نے اصل ماڈل کے سلسلے میں بیرونی ڈیزائن اور تعمیراتی معیار پر تنقید کی۔,C,,,
"Similarly, Native Americans did not generally learn to read and write English, although some did in the nineteenth century.",اسی طرح ، مقامی امریکی عام طور پر انگریزی پڑھنا اور لکھنا نہیں سیکھتے تھے ، حالانکہ کچھ نے انیسویں صدی میں کیا تھا۔,اسی طرح ، مقامی امریکیوں نے عام طور پر انگریزی پڑھنا اور لکھنا نہیں سیکھا ، حالانکہ انیسویں صدی میں کچھ نے کیا۔,C,,,
"The Plan of Tuxtepec defended the ""No Re-election"" principle.","ٹکسٹپیک کے منصوبے نے ""دوبارہ انتخاب نہیں"" اصول کا دفاع کیا۔","Tuxtepec کے منصوبے ""کوئی دوبارہ انتخاب"" اصول کا دفاع کیا.",A,,,
Melatonin is absent from the system or undetectably low during daytime.,میلٹنن سسٹم سے غیر حاضر ہے یا دن کے وقت غیر متوقع طور پر کم ہے۔,melatonin نظام سے غائب ہے یا دن کے دوران undetectably کم ہے.,C,,,
"Copper or bronze coins were not struck, nor were gold except in Southern Europe.",تانبے یا کانسی کے سککوں کو نشانہ نہیں بنایا گیا تھا ، اور نہ ہی جنوبی یورپ کے سوا سونا تھا۔,تانبے یا کانسی کے سکے نہیں بنائے گئے تھے، نہ ہی سونے کے سوا جنوبی یورپ میں.,B,,,
"The same study also showed that the eye colour of the students was 14.6% blue/green, 28% medium (light brown) and 57.4% dark brown.",اسی مطالعے سے یہ بھی پتہ چلتا ہے کہ طلباء کی آنکھوں کا رنگ 14.6 ٪ نیلے/سبز ، 28 ٪ میڈیم (ہلکا براؤن) اور 57.4 ٪ گہرا بھورا تھا۔,اسی مطالعے سے یہ بھی ظاہر ہوا کہ طلباء کی آنکھوں کا رنگ 14.6٪ نیلے / سبز ، 28٪ درمیانے درجے کا (ہلکا بھوری) اور 57.4٪ سیاہ بھوری تھا۔,A,,,
"Finos Film also contributed to this period with movies such as Λατέρνα, Φτώχεια και Φιλότιμο, Madalena, Η Θεία από το Σικάγο, Το ξύλο βγήκε από τον Παράδεισο and many more.",Finos فلم نے اس دور میں بھی resposed resposed resposed resposed resposed resposed resposed responded rencidents resposed respions rencidents respions resove resove resove rencuted and and and and and and and and and and and and and and and and and and and and and and and and and and and and and and and and and and and and and and and and.,فینوس فلم نے بھی اس دور میں ایسی فلموں کے ساتھ حصہ لیا جیسے Λατέρνα ، Φτώχεια και Φιλότιμο ، Madalena ، Η Θεία από το Σικάγο ، Το ξύλο βγήκε από τον Παράδεισο اور بہت کچھ۔,B,,,
There is not any satisfactory theory on their origin.,ان کی اصلیت پر کوئی تسلی بخش نظریہ نہیں ہے۔,ان کی اصل کے بارے میں کوئی اطمینان بخش نظریہ نہیں ہے.,C,,,
"With filming completed in Rome, production moved to Mexico City in late March to shoot the film's opening sequence, with scenes to include the Day of the Dead festival filmed in and around the Zócalo and the Centro Histórico district.",روم میں فلم بندی مکمل ہونے کے ساتھ ہی ، پروڈکشن مارچ کے آخر میں میکسیکو سٹی منتقل ہوگئی تاکہ فلم کے افتتاحی سلسلے کی شوٹنگ کی جاسکے ، جس میں زیکالو اور سینٹرو ہسٹریکو ضلع میں اور اس کے آس پاس فلمایا جانے والے دن کے دن کا دن شامل کیا گیا تھا۔,روم میں فلم بندی مکمل ہونے کے بعد ، پروڈکشن مارچ کے آخر میں میکسیکو سٹی منتقل ہوگئی تاکہ فلم کے افتتاحی تسلسل کی شوٹنگ کی جاسکے ، جس میں زوکالو اور سنٹرو ہسٹوریکو ضلع میں اور اس کے آس پاس فلمایا جانے والا ڈے آف دی ڈیڈ فیسٹیول شامل ہو۔,B,,,
"On 6 April 1941, German forces, with Hungarian and Italian assistance, launched an invasion of Yugoslavia.",6 اپریل 1941 کو ، جرمن افواج نے ہنگری اور اطالوی امداد کے ساتھ ، یوگوسلاویہ پر حملہ کیا۔,6 اپریل 1941 کو ، ہنگری اور اطالوی مدد سے جرمن افواج نے یوگوسلاویہ پر حملہ کیا۔,C,,,
"Languages of instruction include English, Hindi, Telugu and Urdu.",ہدایات کی زبانوں میں انگریزی ، ہندی ، تلگو اور اردو شامل ہیں۔,تعلیم کی زبانوں میں انگریزی، ہندی، تیلگو اور اردو شامل ہیں۔,B,,,
,,,,16,52,32
,,,,A,B,C