,data_num,paragraph_num,id,title,context,question,is_impossible,review
0,155,0,570e5e200dc6ce1900204fb5,آرڈر آف دی برٹش ایمپائر,آرڈر آف دی برٹش ایمپائر میں تقرریاں پہلے ••امپائر ، وائسرائے آف انڈیا ، اور نوآبادیاتی گورنرز کی خود مختار ڈومینوں کی نامزدگی•• کے ساتھ ساتھ برطانیہ کے اندر سے نامزدگیوں پر کی گئیں تھیں۔ جیسا کہ سلطنت کامن ویلتھ میں تیار ہوئی ، نامزدگیاں کامن ویلتھ کے علاقوں سے آتی رہیں ، جس میں بادشاہ ریاست کا سربراہ رہا۔ یہ بیرون ملک نامزدگیاں ان علاقوں میں بند کردی گئیں جنہوں نے اپنے آرڈر قائم کیے ہیں - جیسے آرڈر آف آسٹریلیا ، آرڈر آف کینیڈا ، اور نیوزی لینڈ آرڈر آف میرٹ - لیکن آرڈر کے ممبران اب بھی برطانوی اوورسیز ٹیریٹریز میں مقرر ہیں۔,آرڈر آف دی برٹش امپائر میں تقرریاں کیسے کی گئیں؟,False,False
1,155,0,570e5e200dc6ce1900204fb6,آرڈر آف دی برٹش ایمپائر,آرڈر آف دی برٹش ایمپائر میں تقرریاں پہلے سلطنت کے خود مختار ڈومینینز ، وائسرائے آف انڈیا ، اور نوآبادیاتی گورنروں کی نامزدگی کے ساتھ ساتھ برطانیہ کے اندر سے نامزدگیوں پر کی گئیں تھیں۔ جیسا کہ ••امپائر•• دولت مشترکہ میں تیار ہوا ، نامزدگیاں دولت مشترکہ کے علاقوں سے آتی رہیں ، جس میں بادشاہ ریاست کا سربراہ رہا۔ یہ بیرون ملک نامزدگیاں ان علاقوں میں بند کردی گئیں جنہوں نے اپنے آرڈر قائم کیے ہیں - جیسے آرڈر آف آسٹریلیا ، آرڈر آف کینیڈا ، اور نیوزی لینڈ آرڈر آف میرٹ - لیکن آرڈر کے ممبران اب بھی برطانوی اوورسیز ٹیریٹریز میں مقرر ہیں۔,کامن ویلتھ کی نامزدگیوں کے جاری رہنے کے ساتھ کیا تیار ہوا؟,False,False
2,155,0,570e5e200dc6ce1900204fb7,آرڈر آف دی برٹش ایمپائر,آرڈر آف دی برٹش ایمپائر میں تقرریاں پہلے سلطنت کے خود مختار ڈومینینز ، وائسرائے آف انڈیا ، اور نوآبادیاتی گورنرز کی نامزدگی کے ساتھ ساتھ برطانیہ کے اندر سے نامزدگیوں پر کی گئیں تھیں۔ جیسا کہ سلطنت دولت مشترکہ میں تیار ہوئی ، نامزدگیاں دولت مشترکہ کے علاقوں سے آتی رہیں ، جس میں ••بادشاہ•• ریاست کا سربراہ رہا۔ یہ بیرون ملک نامزدگیاں ان علاقوں میں بند کردی گئیں جنہوں نے اپنے آرڈر قائم کیے ہیں - جیسے آرڈر آف آسٹریلیا ، آرڈر آف کینیڈا ، اور نیوزی لینڈ آرڈر آف میرٹ - لیکن آرڈر کے ممبران اب بھی برطانوی اوورسیز ٹیریٹریز میں مقرر ہیں۔,برطانوی سلطنت کے سربراہ کی حیثیت سے کیا رہا؟,False,False
3,155,0,570e5e200dc6ce1900204fb8,آرڈر آف دی برٹش ایمپائر,آرڈر آف دی برٹش ایمپائر میں تقرریاں پہلے سلطنت کے خود مختار ڈومینینز ، وائسرائے آف انڈیا ، اور نوآبادیاتی گورنروں کی نامزدگی کے ساتھ ساتھ برطانیہ کے اندر سے نامزدگیوں پر کی گئیں تھیں۔ جیسا کہ سلطنت دولت مشترکہ میں تیار ہوئی ، نامزدگیاں دولت مشترکہ کے علاقوں سے آتی رہیں ، جس میں بادشاہ ریاست کا سربراہ رہا۔ یہ بیرون ملک نامزدگیاں ان علاقوں میں بند کردی گئیں جنہوں نے ••اپنے آرڈر قائم کیے ہیں•• - جیسے آرڈر آف آسٹریلیا ، آرڈر آف کینیڈا ، اور نیوزی لینڈ آرڈر آف میرٹ - لیکن آرڈر کے ممبران اب بھی برطانوی اوورسیز ٹیریٹریز میں مقرر ہیں۔,بیرون ملک نامزدگیوں کو کیوں بند کر دیا گیا؟,False,False
4,155,0,570e5e200dc6ce1900204fb9,آرڈر آف دی برٹش ایمپائر,آرڈر آف دی برٹش ایمپائر میں تقرریاں پہلے سلطنت کے خود مختار ڈومینینز ، وائسرائے آف انڈیا ، اور نوآبادیاتی گورنروں کی نامزدگی کے ساتھ ساتھ برطانیہ کے اندر سے نامزدگیوں پر کی گئیں تھیں۔ جیسا کہ سلطنت دولت مشترکہ میں تیار ہوئی ، نامزدگیاں دولت مشترکہ کے علاقوں سے آتی رہیں ، جس میں بادشاہ ریاست کا سربراہ رہا۔ یہ بیرون ملک نامزدگیاں ان علاقوں میں بند کردی گئیں جنہوں نے اپنے آرڈر قائم کیے ہیں - جیسے ••آسٹریلیا کا آرڈر ، کینیڈا کا آرڈر ، اور نیوزی لینڈ آرڈر آف میرٹ•• - لیکن آرڈر کے ممبران اب بھی برطانوی اوورسیز ٹیریٹریز میں مقرر ہیں۔,کون سے ممالک نے نئے احکامات قائم کیے؟,False,False
5,155,1,570e616f0dc6ce1900204fd1,آرڈر آف دی برٹش ایمپائر,••کسی بھی فرد کو بہادری کے لئے آرڈر کا ممبر بنایا گیا•• بیج کے طور پر ایک ہی ربنڈ ، ربن یا کمان پر دو کراس شدہ چاندی کے بلوط کے پتے کا نشان پہن سکتا تھا۔ یہ موت کے بعد نہیں دیا جاسکتا تھا اور 1974 میں ملکہ کے بہادری میڈل سے مؤثر طریقے سے تبدیل کردیا گیا تھا۔ اگر بہادری کے لئے آرڈر آف دی برٹش سلطنت کے وصول کنندگان کو آرڈر کے اندر ترقی ملی ، چاہے بہادری کے لئے یا دوسری صورت میں ، انہوں نے بلوط کے پتے کے ساتھ نچلے گریڈ کے نشان بھی پہننا جاری رکھا۔ تاہم ، انہوں نے صرف اعلی گریڈ کے پوسٹ نامی خطوط کا استعمال کیا۔,کون دو کراس شدہ چاندی کے بلوط کے پتے کا نشان پہن سکتا ہے؟,False,False
6,155,1,570e616f0dc6ce1900204fd2,آرڈر آف دی برٹش ایمپائر,کوئی بھی فرد جس کو بہادری کے لئے آرڈر کا ممبر بنایا گیا تھا وہ ••ایک ہی ربنڈ ، ربن یا کمان پر دو کراس شدہ چاندی کے بلوط کے پتے•• کا نشان پہن سکتا تھا۔ یہ موت کے بعد نہیں دیا جاسکتا تھا اور 1974 میں ملکہ کے بہادری میڈل سے مؤثر طریقے سے تبدیل کردیا گیا تھا۔ اگر بہادری کے لئے آرڈر آف دی برٹش سلطنت کے وصول کنندگان کو آرڈر کے اندر ترقی ملی ، چاہے بہادری کے لئے یا دوسری صورت میں ، انہوں نے بلوط کے پتے کے ساتھ نچلے گریڈ کے نشانات بھی پہننا جاری رکھا۔ تاہم ، انہوں نے صرف اعلی گریڈ کے پوسٹ نامی خطوط کا استعمال کیا۔,یہ نشان کیا تھا؟,False,False
7,155,1,570e616f0dc6ce1900204fd3,آرڈر آف دی برٹش ایمپائر,کسی بھی فرد کو بہادری کے لئے آرڈر کا ممبر بنایا گیا تھا وہ بیج کے طور پر ایک ہی ربنڈ ، ربن یا کمان پر دو کراس شدہ چاندی کے بلوط کے پتے کا نشان پہن سکتا تھا۔ یہ موت کے بعد نہیں دیا جاسکتا تھا اور مؤثر طریقے سے ••1974•• میں ملکہ کی بہادری میڈل کے ساتھ تبدیل کردیا گیا تھا۔ اگر بہادری کے لئے آرڈر آف دی برٹش سلطنت کے وصول کنندگان کو آرڈر کے اندر ترقی ملی ، چاہے بہادری کے لئے یا دوسری صورت میں ، انہوں نے بلوط کے پتے کے ساتھ نچلے گریڈ کے نشان بھی پہننا جاری رکھا۔ تاہم ، انہوں نے صرف اعلی گریڈ کے پوسٹ نامی خطوط کا استعمال کیا۔,یہ کس سال تبدیل کیا گیا تھا؟,False,False
8,155,1,570e616f0dc6ce1900204fd4,آرڈر آف دی برٹش ایمپائر,کسی بھی فرد کو بہادری کے لئے آرڈر کا ممبر بنایا گیا تھا وہ بیج کے طور پر ایک ہی ربنڈ ، ربن یا کمان پر دو کراس شدہ چاندی کے بلوط کے پتے کا نشان پہن سکتا تھا۔ یہ موت کے بعد نہیں دیا جاسکتا تھا اور 1974 میں ••ملکہ کی بہادری میڈل•• کے ساتھ مؤثر طریقے سے تبدیل کردیا گیا تھا۔ اگر بہادری کے لئے آرڈر آف دی برٹش سلطنت کے وصول کنندگان کو آرڈر کے اندر ترقی ملی ، چاہے بہادری کے لئے یا دوسری صورت میں ، انہوں نے بلوط کے پتے کے ساتھ نچلے گریڈ کے نشان کو بھی پہننا جاری رکھا۔ تاہم ، انہوں نے صرف اعلی گریڈ کے پوسٹ نامی خطوط کا استعمال کیا۔,1974 میں کس قسم کا تمغہ تبدیل کیا گیا تھا؟,False,False
9,155,1,570e616f0dc6ce1900204fd5,آرڈر آف دی برٹش ایمپائر,کسی بھی فرد کو بہادری کے لئے آرڈر کا ممبر بنایا گیا تھا وہ بیج کے طور پر ایک ہی ربنڈ ، ربن یا کمان پر دو کراس شدہ چاندی کے بلوط کے پتے کا نشان پہن سکتا تھا۔ یہ موت کے بعد نہیں دیا جاسکتا تھا اور 1974 میں ملکہ کے بہادری میڈل سے مؤثر طریقے سے تبدیل کردیا گیا تھا۔ اگر بہادری کے لئے آرڈر آف دی برٹش سلطنت کے وصول کنندگان کو آرڈر کے اندر ترقی ملی ، چاہے بہادری کے لئے یا دوسری صورت میں ، انہوں نے ••اوک کے پتے کے ساتھ نچلے گریڈ•• کا نشان بھی پہننا جاری رکھا۔ تاہم ، انہوں نے صرف اعلی گریڈ کے پوسٹ نامی خطوط کا استعمال کیا۔,انہوں نے کیا پہننے کے لئے جاری کیا کیا کے نشانات؟,False,False
10,155,2,570e62ae0dc6ce1900204fe5,آرڈر آف دی برٹش ایمپائر,••اعزازی نائٹ•• ان ممالک کے شہریوں کو مقرر کیا جاتا ہے جہاں ملکہ الزبتھ دوم سربراہ مملکت نہیں ہیں ، اور پوسٹ نامی خطوط کے استعمال کی اجازت دے سکتے ہیں لیکن سر یا ڈیم کا لقب نہیں ہے۔ کبھی کبھار اعزازی مقررین کو ، غلط طور پر ، سر یا ڈیم کے طور پر کہا جاتا ہے - مثال کے طور پر بل گیٹس یا باب گیلڈوف۔ اعزازی مقررین جو بعد میں دولت مشترکہ کی بادشاہی کے شہری بن جاتے ہیں وہ اپنی تقرری کو اعزازی سے اہم میں تبدیل کرسکتے ہیں ، پھر آرڈر کے دونوں صفوں کے لئے سر اور ڈیم کے عنوان کے استعمال سمیت آرڈر کی رکنیت کے تمام مراعات سے لطف اندوز ہوسکتے ہیں۔ ایک مثال آئرش براڈکاسٹر ٹیری ووگن ہے ، جسے 2005 میں آرڈر کا اعزازی نائٹ کمانڈر مقرر کیا گیا تھا اور دوہری برطانوی اور آئرش شہریت کے لئے کامیاب درخواست پر ایک اہم رکن بنایا گیا تھا اور بعد میں اسے سر ٹیری ووگن کوBE کا نام دیا گیا تھا۔,قوموں کے شہریوں کے طور پر کس کو مقرر کیا گیا ہے؟,False,False
11,155,2,570e62ae0dc6ce1900204fe6,آرڈر آف دی برٹش ایمپائر,اعزازی نائٹ ہڈ کو ••قوموں کے شہریوں•• کے لئے مقرر کیا جاتا ہے جہاں ملکہ الزبتھ دوم سربراہ مملکت نہیں ہیں ، اور پوسٹ نامزد خطوط کے استعمال کی اجازت دے سکتے ہیں لیکن سر یا ڈیم کے عنوان کی اجازت نہیں دیتے ہیں۔ کبھی کبھار اعزازی مقررین کو ، غلط طور پر ، سر یا ڈیم کے طور پر کہا جاتا ہے - مثال کے طور پر بل گیٹس یا باب گیلڈوف۔ اعزازی مقررین جو بعد میں دولت مشترکہ کی بادشاہی کے شہری بن جاتے ہیں وہ اپنی تقرری کو اعزازی سے اہم میں تبدیل کرسکتے ہیں ، پھر آرڈر کے دونوں صفوں کے لئے سر اور ڈیم کے عنوان کے استعمال سمیت آرڈر کی رکنیت کے تمام مراعات سے لطف اندوز ہوسکتے ہیں۔ ایک مثال آئرش براڈکاسٹر ٹیری ووگن ہے ، جسے 2005 میں آرڈر کا اعزازی نائٹ کمانڈر مقرر کیا گیا تھا اور دوہری اور آئرش شہریت کے لئے کامیاب درخواست پر ایک اہم رکن بنایا گیا تھا اور بعد میں اسے سر ٹیری ووگن کوBE کا نام دیا گیا تھا۔,کہاں ملکہ الزبتھ دوم ریاست کے سربراہ نہیں تھا؟,False,False
12,155,2,570e62ae0dc6ce1900204fe7,آرڈر آف دی برٹش ایمپائر,اعزازی نائٹ ہڈ کو ان ممالک کے شہریوں کے لئے مقرر کیا جاتا ہے جہاں ملکہ الزبتھ دوم سربراہ مملکت نہیں ہیں ، اور پوسٹ نامی خطوط کے استعمال کی اجازت دے سکتے ہیں لیکن سر یا ڈیم کا لقب نہیں ہے۔ کبھی کبھار اعزازی مقررین کو ، غلط طور پر ، ••سر یا ڈیم•• کے طور پر کہا جاتا ہے - مثال کے طور پر بل گیٹس یا باب گیلڈوف۔ اعزازی مقررین جو بعد میں دولت مشترکہ کی بادشاہی کے شہری بن جاتے ہیں وہ اپنی تقرری کو اعزازی سے اہم میں تبدیل کرسکتے ہیں ، پھر آرڈر کے سینئر دو صفوں کے لئے سر اور ڈیم کے عنوان کے استعمال سمیت آرڈر کی رکنیت کے تمام مراعات سے لطف اندوز ہوسکتے ہیں۔ ایک مثال آئرش براڈکاسٹر ٹیری ووگن ہے ، جسے 2005 میں آرڈر کا اعزازی نائٹ کمانڈر مقرر کیا گیا تھا اور دوہری برطانوی اور آئرش شہریت کے لئے کامیاب درخواست پر اسے ایک اہم ممبر بنایا گیا تھا اور بعد میں اسے سر ٹیری ووگن کوBE کہا گیا تھا۔,اعزازی تقرریوں کو غلط طور پر کیا کہا جاتا ہے؟,False,False
13,155,2,570e62ae0dc6ce1900204fe8,آرڈر آف دی برٹش ایمپائر,اعزازی نائٹ ہڈ کو ان ممالک کے شہریوں کے لئے مقرر کیا جاتا ہے جہاں ملکہ الزبتھ دوم سربراہ مملکت نہیں ہیں ، اور پوسٹ نامی خطوط کے استعمال کی اجازت دے سکتے ہیں لیکن سر یا ڈیم کے عنوان کی اجازت نہیں دیتے ہیں۔ کبھی کبھار اعزازی مقررین کو ، غلط طور پر ، سر یا ڈیم کے طور پر کہا جاتا ہے - مثال کے طور پر ••بل گیٹس یا باب گیلڈوف••۔ اعزازی مقررین جو بعد میں دولت مشترکہ کی بادشاہی کے شہری بن جاتے ہیں وہ اپنی تقرری کو اعزازی سے اہم میں تبدیل کرسکتے ہیں ، پھر آرڈر کے سینئر دو صفوں کے لئے سر اور ڈیم کے عنوان کے استعمال سمیت آرڈر کی رکنیت کے تمام مراعات سے لطف اندوز ہوسکتے ہیں۔ ایک مثال آئرش براڈکاسٹر ٹیری ووگن ہے ، جسے 2005 میں آرڈر کا اعزازی نائٹ کمانڈر مقرر کیا گیا تھا اور دوہری برطانوی اور آئرش شہریت کے لئے کامیاب درخواست پر اسے ایک اہم ممبر بنایا گیا تھا اور بعد میں اسے سر ٹیری ووگن کے طور پر اسٹائل کیا گیا تھا۔,سر آف ڈیم کی مثالیں کون ہیں؟,False,False
14,155,2,570e62ae0dc6ce1900204fe9,آرڈر آف دی برٹش ایمپائر,اعزازی نائٹ ہڈ کو ان ممالک کے شہریوں کو مقرر کیا جاتا ہے جہاں ملکہ الزبتھ دوم سربراہ مملکت نہیں ہیں ، اور پوسٹ نامی خطوط کے استعمال کی اجازت دے سکتے ہیں لیکن سر یا ڈیم کے عنوان کی اجازت نہیں دیتے ہیں۔ کبھی کبھار اعزازی مقررین کو ، غلط طور پر ، سر یا ڈیم کے طور پر کہا جاتا ہے - مثال کے طور پر بل گیٹس یا باب گیلڈوف۔ اعزازی مقررین جو بعد میں دولت مشترکہ کی بادشاہی کے شہری بن جاتے ہیں وہ اپنی تقرری کو اعزازی سے اہم میں تبدیل کرسکتے ہیں ، پھر آرڈر کے سینئر دو صفوں کے لئے سر اور ڈیم کے عنوان کے استعمال سمیت آرڈر کی رکنیت کے تمام مراعات سے لطف اندوز ہوسکتے ہیں۔ ایک مثال آئرش براڈکاسٹر ••ٹی بی ای ویری•• ہے ، جسے 2005 میں آرڈر کا اعزازی نائٹ کمانڈر مقرر کیا گیا تھا اور دوہری برطانوی اور آئرش شہریت کے لئے کامیاب درخواست پر اسے ایک اہم ممبر بنایا گیا تھا اور بعد میں اسے سر ٹیری ووگن کہا گیا تھا۔,آئرش براڈکاسٹر کی ایک مثال کیا ہے؟,False,False
15,155,3,570e63590dc6ce1900204fef,آرڈر آف دی برٹش ایمپائر,آرڈر کے چھ عہدیدار ہیں: ••پریلیٹ؛ ڈین؛ سیکرٹری؛ رجسٹرار؛ کنگ آف آرمز؛ اور ایشر••۔ لندن کے بشپ ، چرچ آف انگلینڈ میں ایک سینئر بشپ ، آرڈر کے پریلیٹ کی حیثیت سے خدمات انجام دیتے ہیں۔ سینٹ پال کے ڈین آف آفیشیو آرڈر کے ڈین ہیں۔ آرڈر کا کنگ آف آرمز کالج آف آرمز کا ممبر نہیں ہے ، جیسا کہ بہت سے دوسرے ہیرالڈک افسران ہیں۔ آرڈر کے ایشر کو جینٹل مین ایشر آف دی پورپل راڈ کے نام سے جانا جاتا ہے۔ وہ - آرڈر آف دی گارٹر کے مساوی ، جینٹل مین ایشر آف دی بلیک راڈ کے برعکس - ہاؤس آف لارڈز سے متعلق کوئی فرائض انجام نہیں دیتا ہے۔,آرڈر کے چھ عہدیدار کون ہیں؟,False,False
16,155,3,570e63590dc6ce1900204ff0,آرڈر آف دی برٹش ایمپائر,آرڈر کے چھ عہدیدار ہیں: پریلیٹ؛ ڈین؛ سیکرٹری؛ رجسٹرار؛ کنگ آف آرمز؛ اور ایشر۔ ••لندن کا بشپ ، چرچ آف انگلینڈ میں ایک سینئر بشپ•• آرڈر کے پریلیٹ کی حیثیت سے خدمات انجام دیتا ہے۔ سینٹ پال کا ڈین آفیشیو آرڈر کا ڈین ہے۔ آرڈر کا کنگ آف آرمز کالج آف آرمز کا ممبر نہیں ہے ، جیسا کہ بہت سے دوسرے ہیرالڈک افسران ہیں۔ آرڈر کے ایشر کو جینٹل مین ایشر آف دی پورپل راڈ کے نام سے جانا جاتا ہے۔ وہ - آرڈر آف دی گارٹر کے مساوی ، جینٹل مین ایشر آف دی بلیک راڈ کے برعکس - ہاؤس آف لارڈز سے متعلق کوئی فرائض انجام نہیں دیتا ہے۔,آرڈر کے پریلیٹ کے طور پر کون کام کرتا ہے؟,False,False
17,155,3,570e63590dc6ce1900204ff1,آرڈر آف دی برٹش ایمپائر,آرڈر کے چھ عہدیدار ہیں: پریلیٹ؛ ڈین؛ سیکرٹری؛ رجسٹرار؛ کنگ آف آرمز؛ اور ایشر۔ لندن کا بشپ ، چرچ آف انگلینڈ میں ایک سینئر بشپ ، آرڈر کے پریلیٹ کی حیثیت سے خدمات انجام دیتا ہے۔ سینٹ پال کا ڈین ••ایکس آفسیو آرڈر کا ڈین•• ہے۔ آرڈر کا کنگ آف آرمز کالج آف آرمز کا ممبر نہیں ہے ، جیسا کہ بہت سے دوسرے ہیرالڈک افسران ہیں۔ آرڈر کے ایشر کو جینٹل مین ایشر آف دی پورپل راڈ کے نام سے جانا جاتا ہے۔ وہ - آرڈر آف دی گارٹر کے مساوی ، جینٹل مین ایشر آف دی بلیک راڈ کے برعکس - ہاؤس آف لارڈز سے متعلق کوئی فرائض انجام نہیں دیتا ہے۔,سینٹ پال کے ڈین کون تھا؟,False,False
18,155,3,570e63590dc6ce1900204ff2,آرڈر آف دی برٹش ایمپائر,آرڈر کے چھ عہدیدار ہیں: پریلیٹ؛ ڈین؛ سیکرٹری؛ رجسٹرار؛ کنگ آف آرمز؛ اور ایشر۔ لندن کا بشپ ، چرچ آف انگلینڈ میں ایک سینئر بشپ ، آرڈر کے پریلیٹ کی حیثیت سے خدمات انجام دیتا ہے۔ سینٹ پال کا ڈین آفیشیو آرڈر کا ڈین ہے۔ ••آرڈر کا کنگ آف آرمز•• کالج آف آرمز کا ممبر نہیں ہے ، جیسا کہ بہت سے دوسرے ہیرالڈک افسران ہیں۔ آرڈر کا ایشر جینٹل مین ایشر آف دی پورپل راڈ کے نام سے جانا جاتا ہے۔ وہ اپنے آرڈر آف دی گارٹر کے مساوی ، جینٹل مین ایشر آف دی بلیک راڈ کے برعکس ہاؤس آف لارڈز سے متعلق کوئی فرائض انجام نہیں دیتا ہے۔,کون ہتھیاروں کے کالج کا رکن نہیں ہے؟,False,False
19,155,3,570e63590dc6ce1900204ff3,آرڈر آف دی برٹش ایمپائر,آرڈر کے چھ عہدیدار ہیں: پریلیٹ؛ ڈین؛ سیکرٹری؛ رجسٹرار؛ کنگ آف آرمز؛ اور ایشر۔ لندن کا بشپ ، چرچ آف انگلینڈ میں ایک سینئر بشپ ، آرڈر کے پریلیٹ کی حیثیت سے خدمات انجام دیتا ہے۔ سینٹ پال کا ڈین آف آفیشیو آرڈر کا ڈین ہے۔ آرڈر کا کنگ آف آرمز کالج آف آرمز کا ممبر نہیں ہے ، جیسا کہ بہت سے دوسرے ہیرالڈک افسران ہیں۔ آرڈر کا ایشر ••جنٹلمین ایشر آف دی پورپل راڈ•• کے نام سے جانا جاتا ہے۔ وہ - آرڈر آف دی گارٹر کے مساوی ، بلیک راڈ کے جنٹلمین ایشر کے برعکس - ہاؤس آف لارڈز سے متعلق کوئی فرائض انجام نہیں دیتا ہے۔,آرڈر کے Usher کیا ہے؟,False,False
20,155,4,570e669f0dc6ce1900205015,آرڈر آف دی برٹش ایمپائر,••آرڈر آف دی برٹش ایمپائر•• کی تقرریاں ان کامن ویلتھ علاقوں میں بند کردی گئیں جنہوں نے اعزازات اور ایوارڈز کا ایک قومی نظام قائم کیا جیسے آرڈر آف آسٹریلیا ، آرڈر آف کینیڈا ، اور نیوزی لینڈ آرڈر آف میرٹ۔ ان میں سے بہت سے نظاموں میں ، ایوارڈ اور اعزاز کی مختلف سطحیں امپیریل سسٹم کی عکاسی کرتی ہیں۔ کینیڈا ، آسٹریلیا ، اور نیوزی لینڈ سب کے پاس (سب سے زیادہ درجے کی ترجیح میں) اپنے متعلقہ احکامات کے ممبر ، افسران ، اور ساتھی ہیں (کمانڈرز کے بجائے) ، آسٹریلیا اور نیوزی لینڈ دونوں کے پاس نائٹس اور ڈیمز ہیں۔,کون دولت مشترکہ کے علاقوں میں بند کر دیا گیا تھا؟,False,False
21,155,4,570e669f0dc6ce1900205016,آرڈر آف دی برٹش ایمپائر,آرڈر آف دی برٹش ایمپائر کی تقرریوں کو ان کامن ویلتھ علاقوں میں بند کردیا گیا تھا جنہوں نے اعزازات اور ایوارڈز کا ایک قومی نظام قائم کیا تھا جیسے ••آرڈر آف آسٹریلیا ، آرڈر آف کینیڈا ، اور نیوزی لینڈ آرڈر آف میرٹ••۔ ان میں سے بہت سے نظاموں میں ، ایوارڈ اور اعزاز کی مختلف سطحیں امپیریل سسٹم کی عکاسی کرتی ہیں۔ کینیڈا ، آسٹریلیا ، اور نیوزی لینڈ سب کے پاس (سب سے زیادہ درجے کی ترجیح میں) اپنے متعلقہ احکامات کے ممبر ، افسران ، اور ساتھی ہیں (کمانڈرز کے بجائے) ، آسٹریلیا اور نیوزی لینڈ دونوں کے پاس نائٹس اور ڈیمز ہیں۔,اعزازات اور ایوارڈز کا قومی نظام کس نے قائم کیا؟,False,False
22,155,4,570e669f0dc6ce1900205017,آرڈر آف دی برٹش ایمپائر,آرڈر آف دی برٹش ایمپائر کی تقرریوں کو ان کامن ویلتھ علاقوں میں بند کردیا گیا تھا جنہوں نے اعزازات اور ایوارڈز کا ایک قومی نظام قائم کیا تھا جیسے آرڈر آف آسٹریلیا ، آرڈر آف کینیڈا ، اور نیوزی لینڈ آرڈر آف میرٹ۔ ان میں سے بہت سے نظاموں میں ، ایوارڈ اور اعزاز کی مختلف سطحیں امپیریل سسٹم کی عکاسی کرتی ہیں۔ ••کینیڈا ، آسٹریلیا ، اور نیوزی لینڈ•• سب کے پاس (سب سے زیادہ درجے کی ترجیح میں) اپنے متعلقہ احکامات کے ممبر ، افسران ، اور ساتھی ہیں (کمانڈرز کے بجائے) ، آسٹریلیا اور نیوزی لینڈ دونوں کے پاس نائٹس اور ڈیمز ہیں۔,ایوارڈ اور اعزاز کی مختلف سطحیں شاہی نظام کی عکاسی کیسے کرتی تھیں؟,False,False
23,155,4,570e669f0dc6ce1900205018,آرڈر آف دی برٹش ایمپائر,آرڈر آف دی برٹش ایمپائر کی تقرریوں کو ان کامن ویلتھ علاقوں میں بند کردیا گیا تھا جنہوں نے اعزازات اور ایوارڈز کا ایک قومی نظام قائم کیا تھا جیسے آرڈر آف آسٹریلیا ، آرڈر آف کینیڈا ، اور نیوزی لینڈ آرڈر آف میرٹ۔ ان میں سے بہت سے نظاموں میں ، ایوارڈ اور اعزاز کی مختلف سطحیں امپیریل سسٹم کی عکاسی کرتی ہیں۔ کینیڈا ، آسٹریلیا ، اور نیوزی لینڈ سب کے پاس (سب سے اوپر کی سطح پر) اپنے متعلقہ احکامات کے ممبر ، افسران ، اور ساتھی ہیں (کمانڈرز کے بجائے) ، آسٹریلیا اور نیوزی لینڈ دونوں کے پاس ••نائٹس اینڈ ڈیمز•• ہیں۔,سب سے زیادہ کلاس کیا تھے؟,False,False
24,155,5,570e67880dc6ce1900205027,آرڈر آف دی برٹش ایمپائر,••دی بیٹلز کے ممبروں•• کو 1965 میں ایم بی ای بنایا گیا تھا۔ جان لینن نے آرڈر میں فوجی رکنیت کا موازنہ کرکے اپنے سرمایہ کاری کے تقابلی فوائد کا جواز پیش کیا: بہت سے لوگوں نے جو ہمیں ایم بی ای [حالت] حاصل کرنے کے بارے میں شکایت کی تھی انہیں جنگ میں بہادری کے لئے موصول ہوا - لوگوں کو مارنے کے لئے... ہم نے دوسرے لوگوں کو تفریح کرنے کے لئے اپنا موصول کیا۔ میں کہوں گا کہ ہم اپنے زیادہ مستحق ہیں۔ لینن نے بعد میں اپنے جاری امن احتجاج کے حصے کے طور پر 25 نومبر 1969 کو اپنا ایم بی ای نشان واپس کردیا۔ دیگر تنقید اس دعوے پر مرکوز ہے کہ آرڈر کے بہت سے وصول کنندگان کو صرف اپنے کام کرنے کے لئے اعزاز سے نوازا جارہا ہے۔ ناقدین کا دعوی ہے کہ سول سروس اور عدلیہ دوسرے پیشوں کے رہنماؤں سے کہیں زیادہ احکامات اور اعزاز حاصل کرتے ہیں۔,ایم بی ای کے لوگ کون تھے؟,False,False
25,155,5,570e67880dc6ce1900205028,آرڈر آف دی برٹش ایمپائر,بیٹلز کے ممبروں کو ••1965•• میں ایم بی ای بنایا گیا تھا۔ جان لینن نے آرڈر میں فوجی رکنیت کا موازنہ کرکے اپنے سرمایہ کاری کے تقابلی فوائد کا جواز پیش کیا: بہت سے لوگوں نے جو ہمیں ایم بی ای [حالت] حاصل کرنے کے بارے میں شکایت کی تھی انہیں جنگ میں بہادری کے لئے موصول ہوا - لوگوں کو مارنے کے لئے... ہم نے دوسرے لوگوں کو تفریح کرنے کے لئے اپنا موصول کیا۔ میں کہوں گا کہ ہم اپنے زیادہ مستحق ہیں۔ لینن نے بعد میں اپنے جاری امن احتجاج کے حصے کے طور پر 25 نومبر 1969 کو اپنا ایم بی ای نشان واپس کردیا۔ دیگر تنقید اس دعوے پر مرکوز ہے کہ آرڈر کے بہت سے وصول کنندگان کو صرف اپنے کام کرنے کے لئے اعزاز سے نوازا جارہا ہے۔ ناقدین کا دعوی ہے کہ سول سروس اور عدلیہ دوسرے پیشوں کے رہنماؤں سے کہیں زیادہ احکامات اور اعزاز حاصل کرتے ہیں۔,کس سال بیٹلز MBE کے بنا دیا گیا تھا؟,False,False
26,155,5,570e67880dc6ce1900205029,آرڈر آف دی برٹش ایمپائر,بیٹلز کے ممبروں کو 1965 میں ایم بی ای بنایا گیا تھا۔ ••جان لینن•• نے آرڈر میں فوجی رکنیت کا موازنہ کرکے اپنے سرمایہ کاری کے تقابلی فوائد کا جواز پیش کیا: بہت سے لوگوں نے جو ہمیں ایم بی ای [حالت] حاصل کرنے کے بارے میں شکایت کی تھی انہیں جنگ میں بہادری کے لئے موصول ہوا - لوگوں کو مارنے کے لئے... ہم نے دوسرے لوگوں کو تفریح کرنے کے لئے اپنا موصول کیا۔ میں کہوں گا کہ ہم اپنے زیادہ مستحق ہیں۔ لینن نے بعد میں اپنے جاری امن احتجاج کے حصے کے طور پر 25 نومبر 1969 کو اپنا ایم بی ای نشان واپس کردیا۔ دیگر تنقید اس دعوے پر مرکوز ہے کہ آرڈر کے بہت سے وصول کنندگان کو صرف اپنے کام کرنے کے لئے اعزاز سے نوازا جارہا ہے۔ ناقدین کا دعوی ہے کہ سول سروس اور عدلیہ دوسرے پیشوں کے رہنماؤں سے کہیں زیادہ احکامات اور اعزاز حاصل کرتے ہیں۔,کس نے آرڈر میں فوجی رکنیت کا موازنہ کیا؟,False,False
27,155,5,570e67880dc6ce190020502a,آرڈر آف دی برٹش ایمپائر,بیٹلز کے ممبروں کو 1965 میں ایم بی ای بنایا گیا تھا۔ ••جان لینن•• نے آرڈر میں فوجی رکنیت کا موازنہ کرکے اپنے سرمایہ کاری کے تقابلی فوائد کا جواز پیش کیا: بہت سے لوگوں نے جو ہمیں ایم بی ای [حالت] حاصل کرنے کے بارے میں شکایت کی تھی انہیں جنگ میں بہادری کے لئے موصول ہوا - لوگوں کو مارنے کے لئے... ہم نے دوسرے لوگوں کو تفریح کرنے کے لئے اپنا موصول کیا۔ میں کہوں گا کہ ہم اپنے زیادہ مستحق ہیں۔ لینن نے بعد میں اپنے جاری امن احتجاج کے حصے کے طور پر 25 نومبر 1969 کو اپنا ایم بی ای نشان واپس کردیا۔ دیگر تنقید اس دعوے پر مرکوز ہے کہ آرڈر کے بہت سے وصول کنندگان کو صرف اپنے کام کرنے کے لئے اعزاز سے نوازا جارہا ہے۔ ناقدین کا دعوی ہے کہ سول سروس اور عدلیہ دوسرے پیشوں کے رہنماؤں سے کہیں زیادہ احکامات اور اعزاز حاصل کرتے ہیں۔,"جس نے کہا ""بہت سے لوگ جنہوں نے ہمیں ایم بی ای وصول کرنے کے بارے میں شکایت کی تھی انہیں جنگ میں ہیروئزم کے لئے تھریڈ ملا تھا۔",False,False
28,155,5,570e67880dc6ce190020502b,آرڈر آف دی برٹش ایمپائر,بیٹلز کے ممبروں کو 1965 میں ایم بی ای بنایا گیا تھا۔ جان لینن نے آرڈر میں فوجی رکنیت کا موازنہ کرکے اپنے سرمایہ کاری کے تقابلی فوائد کا جواز پیش کیا: بہت سے لوگوں نے جو ہمیں ایم بی ای [حالت] حاصل کرنے کے بارے میں شکایت کی تھی انہیں جنگ میں بہادری کے لئے موصول ہوا - لوگوں کو مارنے کے لئے... ہم نے دوسرے لوگوں کو تفریح کرنے کے لئے اپنا موصول کیا۔ میں کہوں گا کہ ہم اپنے زیادہ مستحق ہیں۔ لینن نے بعد میں اپنے جاری امن احتجاج کے حصے کے طور پر ••25 نومبر 1969•• پر اپنا ایم بی ای نشان واپس کردیا۔ دیگر تنقید اس دعوے پر مرکوز ہے کہ آرڈر کے بہت سے وصول کنندگان کو صرف اپنے کام کرنے کے لئے اعزازات سے نوازا جارہا ہے۔ ناقدین کا دعوی ہے کہ سول سروس اور عدلیہ دوسرے پیشوں کے رہنماؤں سے کہیں زیادہ احکامات اور اعزازات وصول کرتے ہیں۔,جان لینن نے اپنا ایم بی ای نشان کب واپس کیا؟,False,False
29,155,6,570e68670dc6ce1900205031,آرڈر آف دی برٹش ایمپائر,برطانوی سلطنت کا سب سے بہترین آرڈر ••برطانوی آئینی بادشاہت کا شہنشاہیت کا آرڈر•• ہے ، جو فنون لطیفہ اور علوم ، خیراتی اور فلاحی تنظیموں کے ساتھ کام اور سول سروس سے باہر عوامی خدمت میں شراکت کو انعام دیتا ہے۔ یہ 4 جون 1917 کو بادشاہ جارج پانچویں کے ذریعہ قائم کیا گیا تھا ، اور اس میں سول اور فوجی ڈویژنوں میں پانچ کلاسیں شامل ہیں ، جن میں سے سب سے سینئر دو وصول کنندہ کو یا تو ایک نائٹ اگر مرد ، یا خاتون اگر خاتون بناتے ہیں۔ اس سے متعلق برطانوی سلطنت میڈل بھی ہے ، جس کے وصول کنندگان آرڈر سے وابستہ ہیں ، لیکن اس کے ممبر نہیں۔,برطانوی سلطنت کا سب سے بہترین آرڈر کون تھا؟,False,False
30,155,6,570e68670dc6ce1900205032,آرڈر آف دی برٹش ایمپائر,برطانوی سلطنت کا سب سے بہترین آرڈر ••برطانوی آئینی بادشاہت کا شہنشاہیت کا آرڈر•• ہے ، جو فنون لطیفہ اور علوم ، خیراتی اور فلاحی تنظیموں کے ساتھ کام اور سول سروس سے باہر عوامی خدمت میں شراکت کو انعام دیتا ہے۔ یہ 4 جون 1917 کو بادشاہ جارج پانچویں کے ذریعہ قائم کیا گیا تھا ، اور اس میں سول اور فوجی ڈویژنوں میں پانچ کلاسیں شامل ہیں ، جن میں سے سب سے سینئر دو وصول کنندہ کو یا تو ایک نائٹ اگر مرد ، یا خاتون اگر خاتون بناتے ہیں۔ اس سے متعلق برطانوی سلطنت میڈل بھی ہے ، جس کے وصول کنندگان آرڈر سے وابستہ ہیں ، لیکن اس کے ممبر نہیں۔,فنون لطیفہ اور سائنس میں شراکت کو کس نے انعام دیا؟,False,False
31,155,6,570e68670dc6ce1900205033,آرڈر آف دی برٹش ایمپائر,برطانوی سلطنت کا سب سے بہترین آرڈر برطانوی آئینی بادشاہت کا ایک آرڈر ہے ، جو فنون لطیفہ اور علوم میں شراکت ، خیراتی اور فلاحی تنظیموں کے ساتھ کام اور سول سروس سے باہر عوامی خدمت کو انعام دیتا ہے۔ یہ بادشاہ جارج پانچویں کے ذریعہ ••4 جون 1917•• کو قائم کیا گیا تھا ، اور اس میں سول اور فوجی ڈویژنوں میں پانچ کلاسیں شامل ہیں ، جن میں سے سب سے سینئر دو وصول کنندہ کو یا تو ایک نائٹ اگر مرد ، یا خاتون اگر خاتون بناتے ہیں۔ اس سے متعلق برطانوی سلطنت میڈل بھی ہے ، جس کے وصول کنندگان آرڈر سے وابستہ ہیں ، لیکن اس کے ممبر نہیں۔,برطانوی آئینی بادشاہت کے شوالیوں کا آرڈر کب قائم کیا گیا تھا؟,False,False
32,155,6,570e68670dc6ce1900205034,آرڈر آف دی برٹش ایمپائر,برطانوی سلطنت کا سب سے بہترین آرڈر برطانوی آئینی بادشاہت کا ایک آرڈر ہے ، جو فنون لطیفہ اور علوم میں شراکت ، خیراتی اور فلاحی تنظیموں کے ساتھ کام اور سول سروس سے باہر عوامی خدمت کو انعام دیتا ہے۔ یہ 4 جون 1917 کو ••کنگ جارج وی•• کے ذریعہ قائم کیا گیا تھا ، اور اس میں سول اور فوجی ڈویژنوں میں پانچ کلاسیں شامل ہیں ، جن میں سے سب سے سینئر دو وصول کنندہ کو یا تو ایک نائٹ اگر مرد ، یا خاتون اگر خاتون بناتے ہیں۔ اس سے متعلق برطانوی سلطنت میڈل بھی ہے ، جس کے وصول کنندہ آرڈر سے وابستہ ہیں ، لیکن اس کے ممبر نہیں۔,برطانوی آئینی بادشاہت کی شوالیت کا قیام کس نے کیا؟,False,False
33,155,6,570e68670dc6ce1900205035,آرڈر آف دی برٹش ایمپائر,برطانوی سلطنت کا سب سے بہترین آرڈر برطانوی آئینی بادشاہت کا ایک آرڈر ہے ، جس میں فنون لطیفہ اور علوم میں شراکت ، خیراتی اور فلاحی تنظیموں کے ساتھ کام اور سول سروس سے باہر عوامی خدمت کو انعام دیا جاتا ہے۔ یہ 4 جون 1917 کو کنگ جارج پانچویں کے ذریعہ قائم کیا گیا تھا ، اور اس میں سول اور فوجی ڈویژنوں میں پانچ کلاسیں شامل ہیں ، جن میں سے سب سے سینئر دو وصول کنندہ کو یا تو ••شہزادہ اگر مرد ، یا خاتون اگر عورت•• بناتے ہیں۔ اس سے متعلق برطانوی سلطنت میڈل بھی ہے ، جس کے وصول کنندہ آرڈر سے وابستہ ہیں ، لیکن اس کے ممبر نہیں۔,وصول کنندہ کون ہے؟,False,False
34,155,7,570e69cb0dc6ce1900205045,آرڈر آف دی برٹش ایمپائر,آرڈر کی بنیاد پر ، ••میڈل آف دی آرڈر آف دی برٹش ایمپائر•• قائم کیا گیا تھا ، تاکہ وصول کنندگان کو وابستگی فراہم کرنے کے لئے ایک کم ایوارڈ کے طور پر کام کیا جاسکے لیکن رکنیت نہیں۔ 1922 میں ، اس کا نام تبدیل کرکے برٹش ایمپائر میڈل رکھ دیا گیا تھا۔ یہ برطانیہ کے ذریعہ اعزازات کے نظام میں 1993 کی اصلاحات کے حصے کے طور پر دیا جانا بند کردیا گیا تھا ، لیکن 2012 میں دوبارہ دیا گیا تھا ، ملکہ کی ڈائمنڈ جوبلی کے لئے 293 بی ای ایم کے ساتھ شروع ہوا۔ اس کے علاوہ ، بی ای ایم کوک جزائر اور کچھ دیگر دولت مشترکہ ممالک کے ذریعہ دیا جاتا ہے۔ 2004 میں ، ایک کمیٹی نے ایک رپورٹ کے عنوان سے اعزاز کا معاملہ: ہمارے اعزازات کے نظام میں اصلاحات کی سفارش کی کہ آرڈر آف دی برطانوی ایمپائر کو مرحلہ وار ختم کیا جائے ، کیونکہ اس کے عنوان کو اب ناقابل قبول سمجھا جاتا ہے۔,وصول کنندگان کو وابستگی دینے کے لئے ایک کم ایوارڈ کے طور پر کام کرنے کے لئے کیا قائم کیا گیا تھا؟,False,False
35,155,7,570e69cb0dc6ce1900205046,آرڈر آف دی برٹش ایمپائر,آرڈر کی بنیاد پر ، آرڈر آف دی برٹش ایمپائر کا تمغہ قائم کیا گیا تھا ، تاکہ وصول کنندگان کو وابستگی فراہم کرنے کے لئے ایک کم ایوارڈ کے طور پر کام کیا جاسکے لیکن رکنیت نہیں۔ ••1922•• میں ، اس کا نام برٹش ایمپائر میڈل رکھ دیا گیا تھا۔ یہ برطانیہ کے ذریعہ اعزازات کے نظام میں 1993 کی اصلاحات کے حصے کے طور پر دیا جانا بند کردیا گیا تھا ، لیکن 2012 میں دوبارہ دیا گیا تھا ، ملکہ کے ڈائمنڈ جوبلی کے لئے 293 بی ای ایم کے ساتھ شروع ہوا۔ اس کے علاوہ ، بی ای ایم کوک جزائر اور کچھ دیگر دولت مشترکہ ممالک کے ذریعہ دیا جاتا ہے۔ 2004 میں ، ایک رپورٹ کے عنوان سے اعزاز کا معاملہ: ہماری اعزازات کے نظام میں اصلاحات ایک کامنز کمیٹی نے آرڈر آف دی برٹش ایمپائر کو مرحلہ وار ختم کرنے کی سفارش کی ، کیونکہ اس کے عنوان کو اب ناقابل قبول سمجھا جاتا ہے۔,برطانوی سلطنت کے آرڈر کا تمغہ کس سال قائم کیا گیا تھا؟,False,False
36,155,7,570e69cb0dc6ce1900205047,آرڈر آف دی برٹش ایمپائر,آرڈر کی بنیاد پر ، آرڈر آف دی برطانوی سلطنت کا تمغہ قائم کیا گیا تھا ، تاکہ وصول کنندگان کو وابستگی فراہم کرنے کے لئے ایک کم ایوارڈ کے طور پر کام کیا جاسکے لیکن رکنیت نہیں۔ 1922 میں ، اس کا نام تبدیل کرکے ••برطانوی سلطنت کا تمغہ•• رکھ دیا گیا تھا۔ اس نے اعزازات کے نظام میں 1993 کی اصلاحات کے حصے کے طور پر برطانیہ کے ذریعہ ایوارڈ کرنا بند کردیا ، لیکن 2012 میں دوبارہ ایوارڈ کیا گیا ، ملکہ کی ڈائمنڈ جوبلی کے لئے 293 بی ای ایم کے ساتھ شروع ہوا۔ اس کے علاوہ ، بی ای ایم کوک جزائر اور کچھ دیگر دولت مشترکہ ممالک کے ذریعہ دیا جاتا ہے۔ 2004 میں ، ایک رپورٹ کے عنوان سے اعزاز کا معاملہ: ہماری اعزازات کے نظام میں اصلاحات ایک کامنز کمیٹی نے آرڈر آف دی برطانوی سلطنت کو مرحلہ وار ختم کرنے کی سفارش کی ، کیونکہ اس کے عنوان کو اب ناقابل قبول سمجھا جاتا ہے۔,اس تمغے کا نام تبدیل کر کے کیا رکھا گیا؟,False,False
37,155,7,570e69cb0dc6ce1900205048,آرڈر آف دی برٹش ایمپائر,آرڈر کی بنیاد پر ، آرڈر آف دی برطانوی سلطنت کا تمغہ قائم کیا گیا تھا ، تاکہ وصول کنندگان کو وابستگی فراہم کرنے کے لئے ایک کم ایوارڈ کے طور پر کام کیا جاسکے لیکن رکنیت نہیں۔ 1922 میں ، اس کا نام تبدیل کرکے برٹش سلطنت کا تمغہ رکھا گیا تھا۔ اس نے اعزازات کے نظام میں ••1993•• اصلاحات کے حصے کے طور پر برطانیہ کے ذریعہ ایوارڈ کرنا بند کردیا ، لیکن 2012 میں دوبارہ ایوارڈ کیا گیا ، ملکہ کی ڈائمنڈ جوبلی کے لئے 293 بی ای ایم کے ساتھ شروع ہوا۔ اس کے علاوہ ، بی ای ایم کوک جزائر اور کچھ دیگر دولت مشترکہ ممالک کے ذریعہ دیا جاتا ہے۔ 2004 میں ، ایک رپورٹ کے عنوان سے اعزاز کا معاملہ: ہماری اعزازات کے نظام میں اصلاحات ایک کامنز کمیٹی نے آرڈر آف دی برطانوی سلطنت کو مرحلہ وار ختم کرنے کی سفارش کی ، کیونکہ اب اس کے عنوان کو ناقابل قبول سمجھا جاتا ہے۔,اس کا اجر ملنا کب بند ہوا؟,False,False
38,155,7,570e69cb0dc6ce1900205049,آرڈر آف دی برٹش ایمپائر,آرڈر کی بنیاد پر ، آرڈر آف دی برطانوی سلطنت کا تمغہ قائم کیا گیا تھا ، تاکہ وصول کنندگان کو وابستگی فراہم کرنے کے لئے ایک کم ایوارڈ کے طور پر کام کیا جاسکے لیکن رکنیت نہیں۔ 1922 میں ، اس کا نام تبدیل کرکے برٹش سلطنت کا تمغہ رکھا گیا تھا۔ اس نے اعزازات کے نظام میں 1993 کی اصلاحات کے حصے کے طور پر برطانیہ کے ذریعہ ایوارڈ کرنا بند کردیا ، لیکن 2012 میں دوبارہ ایوارڈ کیا گیا ، ملکہ کی ڈائمنڈ جوبلی کے لئے ••293•• بی ای ایم کے ساتھ شروع ہوا۔ اس کے علاوہ ، بی ای ایم کوک جزائر اور کچھ دیگر دولت مشترکہ ممالک کے ذریعہ دیا جاتا ہے۔ 2004 میں ، ایک رپورٹ کے عنوان سے اعزاز کا معاملہ: ہماری اعزازات کے نظام میں اصلاحات ایک کامنز کمیٹی نے آرڈر آف دی برطانوی سلطنت کو مرحلہ وار ختم کرنے کی سفارش کی ، کیونکہ اس کے عنوان کو اب ناقابل قبول سمجھا جاتا ہے۔,ملکہ کی ڈائمنڈ جوبلی کے لئے کتنے BEMs سے نوازا گیا تھا؟,False,False
39,155,8,570e6d560dc6ce190020504f,آرڈر آف دی برٹش ایمپائر,••1940•• سے ، بادشاہ کسی شخص کو جارج میڈل کے لئے مطلوبہ سطح سے نیچے بہادری کے اعمال (دشمن کے سامنے نہیں) کے لئے آرڈر آف دی برطانوی سلطنت کے کمانڈر ، افسر یا ممبر کے طور پر مقرر کرسکتا تھا۔ گریڈ کا تعین معمول کے مطابق ایک ہی معیار کے ذریعہ کیا گیا تھا ، نہ کہ بہادری کی سطح کے ذریعہ (اور اس کے بجائے زیادہ جونیئر لوگوں کو برٹش ایمپائر میڈل ملتا تھا۔ عجیب طور پر ، اس کا مطلب یہ تھا کہ یہ جارج میڈل کے مقابلے میں کم بہادری کے کاموں کے لئے دیا گیا تھا ، لیکن ، ایک آرڈر کے طور پر ، اس سے پہلے پہنا گیا تھا اور اس کے بعد کے نام کے ابتدائی ناموں میں درج کیا گیا تھا۔ 14 جنوری 1958 سے ، ان ایوارڈز کو بہادری کے لئے برطانوی سلطنت کا آرڈر نامزد کیا گیا تھا۔,کس سال سے بادشاہ کسی شخص کو کمانڈر ، آفیسر یا آرڈر آف دی برٹش ایمپائر کا ممبر مقرر کرسکتا ہے؟,False,False
40,155,8,570e6d560dc6ce1900205050,آرڈر آف دی برٹش ایمپائر,1940 سے ، بادشاہ کسی شخص کو بہادری کے اعمال کے لئے آرڈر آف دی برطانوی سلطنت کے کمانڈر ، افسر یا ممبر کے طور پر مقرر کرسکتا تھا (دشمن کے سامنے نہیں) ••جارج میڈل کے لئے مطلوبہ سطح سے نیچے••۔ گریڈ کا تعین معمول کے مطابق ایک ہی معیار کے ذریعہ کیا گیا تھا ، نہ کہ بہادری کی سطح کے ذریعہ (اور اس کے بجائے زیادہ جونیئر لوگوں نے برٹش سلطنت میڈل حاصل کیا) ۔ عجیب بات یہ ہے کہ اس کا مطلب یہ تھا کہ یہ جارج میڈل کے مقابلے میں کم بہادری کے کاموں کے لئے دیا گیا تھا ، لیکن ، ایک آرڈر کے طور پر ، اس سے پہلے پہنا گیا تھا اور اس کے بعد کے نام کے ابتدائی ناموں میں درج کیا گیا تھا۔ 14 جنوری 1958 سے ، ان ایوارڈز کو بہادری کے لئے برطانوی سلطنت کا آرڈر نامزد کیا گیا تھا۔,آرڈر آف دی برٹش ایمپائر کے ممبران نے کن اعمال کا تقرر کیا؟,False,False
41,155,8,570e6d560dc6ce1900205051,آرڈر آف دی برٹش ایمپائر,1940 سے ، بادشاہ کسی شخص کو جارج میڈل کے لئے مطلوبہ سطح سے نیچے بہادری کے اعمال کے لئے (دشمن کے سامنے نہیں) بہادری کے لئے آرڈر آف دی برطانوی سلطنت کے کمانڈر ، آفیسر یا ممبر کے طور پر مقرر کرسکتا تھا۔ گریڈ کا تعین ••عام طور پر ایک ہی معیار کے ذریعہ کیا گیا تھا ، اور نہ ہی بہادری کی سطح کے ذریعہ•• (اور اس کے بجائے زیادہ جونیئر لوگوں نے برٹش سلطنت میڈل حاصل کیا) ۔ عجیب طور پر ، اس کا مطلب یہ تھا کہ یہ جارج میڈل کے مقابلے میں کم بہادری کے کاموں کے لئے دیا گیا تھا ، لیکن ، ایک آرڈر کے طور پر ، اس سے پہلے پہنا گیا تھا اور اس کے بعد کے نام کے ابتدائی ناموں میں درج کیا گیا تھا۔ 14 جنوری 1958 سے ، ان ایوارڈز کو بہادری کے لئے برطانوی سلطنت کا آرڈر نامزد کیا گیا تھا۔,کس گریڈ کا تعین کیا گیا تھا؟,False,False
42,155,8,570e6d560dc6ce1900205052,آرڈر آف دی برٹش ایمپائر,1940 سے ، بادشاہ کسی شخص کو جارج میڈل کے لئے مطلوبہ سطح سے نیچے بہادری کے اعمال کے لئے (دشمن کے سامنے نہیں) بہادری کے لئے آرڈر آف دی برطانوی سلطنت کے کمانڈر ، افسر یا ممبر کے طور پر مقرر کرسکتا تھا۔ گریڈ کا تعین معمول کے مطابق ایک ہی معیار کے ذریعہ کیا گیا تھا ، نہ کہ بہادری کی سطح کے ذریعہ (اور اس کے بجائے زیادہ جونیئر لوگوں نے برٹش ایمپائر میڈل حاصل کیا) ۔ عجیب طور پر ، اس کا مطلب یہ تھا کہ یہ جارج میڈل کے مقابلے میں کم بہادری کے کاموں کے لئے دیا گیا تھا ، لیکن ، ایک آرڈر کے طور پر ، اس سے پہلے پہنا گیا تھا اور اس کے بعد کے نام کے ابتدائی ناموں میں درج کیا گیا تھا۔ ••14 جنوری 1958•• سے ، ان ایوارڈز کو بہادری کے لئے برطانوی سلطنت کا آرڈر نامزد کیا گیا تھا۔,جب ایوارڈز کو بہادری کے لئے برطانوی سلطنت کا آرڈر نامزد کیا گیا تھا؟,False,False
43,155,9,570e6eac0b85d914000d7eef,آرڈر آف دی برٹش ایمپائر,••نائٹس گرینڈ کراس اور نائٹس کمانڈر•• پریفیکس سر ، اور ڈیمز گرینڈ کراس اور ڈیمز کمانڈر پریفیکس ڈیم ، اپنے پہلے ناموں کے لئے۔ [b] نائٹس کی بیویاں اپنے کنیتوں کے لئے پریفیکس لیڈی کرسکتی ہیں ، لیکن نائٹس کے شوہروں یا ڈیمز کے میاں بیویوں کے لئے کوئی مساوی استحقاق موجود نہیں ہے۔ اس طرح کے فارم پیئرز اور شہزادوں کے ذریعہ استعمال نہیں کیے جاتے ہیں ، سوائے اس کے کہ جب سابقہ کے نام ان کی مکمل شکلوں میں لکھے جاتے ہیں۔ چرچ آف انگلینڈ یا چرچ آف اسکاٹ لینڈ کے پادری سر یا ڈیم کا لقب استعمال نہیں کرتے ہیں کیونکہ انہیں اعزاز نہیں ملتا ہے (یعنی ، انہیں تلوار کے ساتھ نائٹ نہیں کہا جاتا ہے) ، حالانکہ وہ پوسٹ نامی خطوط شامل کرتے ہیں۔,کون سر، اور لیڈیز گرینڈ کراس پیشگی کرے گا؟,False,False
44,155,9,570e6eac0b85d914000d7ef0,آرڈر آف دی برٹش ایمپائر,گرینڈ کراس اور نائٹس کمانڈر پریفیکس سر ، اور ••ڈیمز گرینڈ کراس•• اور ڈیمز کمانڈر پریفیکس ڈیم ، اپنے پہلے ناموں کے لئے۔ [b] نائٹس کی بیویاں اپنے کنیتوں کے لئے پریفیکس لیڈی رکھ سکتی ہیں ، لیکن نائٹس کے شوہروں یا ڈیمز کے میاں بیویوں کے لئے کوئی مساوی استحقاق موجود نہیں ہے۔ اس طرح کے فارم پیئرز اور شہزادوں کے ذریعہ استعمال نہیں کیے جاتے ہیں ، سوائے اس کے کہ جب سابقہ کے نام اپنی مکمل شکلوں میں لکھے جاتے ہیں۔ چرچ آف انگلینڈ یا چرچ آف اسکاٹ لینڈ کے پادری سر یا ڈیم کا لقب استعمال نہیں کرتے ہیں کیونکہ انہیں یہ اعزاز نہیں ملتا ہے (یعنی ، انہیں تلوار کے ساتھ نائٹ نہیں کہا جاتا ہے) ، حالانکہ وہ پوسٹ نامی خطوط شامل کرتے ہیں۔,کون ان کے پہلے ناموں کے لئے، ڈیم پیشگی کرے گا؟,False,False
45,155,9,570e6eac0b85d914000d7ef1,آرڈر آف دی برٹش ایمپائر,گرینڈ کراس اور نائٹس کمانڈر پریفیکس سر ، اور ڈیمز گرینڈ کراس اور ڈیمز کمانڈر پریفیکس ڈیم ، اپنے پہلے ناموں کے لئے۔ [b] ••نائٹس کی بیویاں•• اپنے کنیتوں کے لئے پریفیکس لیڈی رکھ سکتی ہیں ، لیکن نائٹس کے شوہروں یا ڈیمز کے میاں بیویوں کے لئے کوئی مساوی استحقاق موجود نہیں ہے۔ اس طرح کے فارم پیئرز اور شہزادوں کے ذریعہ استعمال نہیں کیے جاتے ہیں ، سوائے اس کے کہ جب سابقہ کے نام اپنی مکمل شکلوں میں لکھے جاتے ہیں۔ چرچ آف انگلینڈ یا چرچ آف اسکاٹ لینڈ کے پادری سر یا ڈیم کا لقب استعمال نہیں کرتے ہیں کیونکہ انہیں یہ اعزاز نہیں ملتا ہے (یعنی ، انہیں تلوار کے ساتھ نائٹ نہیں کہا جاتا ہے) ، حالانکہ وہ پوسٹ نامزد خطوط شامل کرتے ہیں۔,کون ان کے کنیتوں کے لئے لیڈی prefix گا؟,False,False
46,155,9,570e6eac0b85d914000d7ef2,آرڈر آف دی برٹش ایمپائر,گرینڈ کراس اور نائٹس کمانڈر پریفیکس سر ، اور ڈیمز گرینڈ کراس اور ڈیمز کمانڈر پریفیکس ڈیم ، اپنے پہلے ناموں کے لئے۔ [b] نائٹس کی بیویاں اپنے کنیتوں کے لئے پریفیکس لیڈی رکھ سکتی ہیں ، لیکن نائٹس کے شوہروں یا ڈیمز کے میاں بیویوں کے لئے کوئی مساوی استحقاق موجود نہیں ہے۔ اس طرح کے فارم ••پیئرز اور شہزادوں•• کے ذریعہ استعمال نہیں کیے جاتے ہیں ، سوائے اس کے کہ جب سابقہ کے نام اپنی مکمل شکلوں میں لکھے جاتے ہیں۔ چرچ آف انگلینڈ یا چرچ آف اسکاٹ لینڈ کے پادری سر یا ڈیم کا لقب استعمال نہیں کرتے ہیں کیونکہ انہیں اعزاز نہیں ملتا ہے (یعنی ، انہیں تلوار کے ساتھ نائٹ نہیں کہا جاتا ہے) ، حالانکہ وہ پوسٹ نامزد خطوط شامل کرتے ہیں۔,ایسے فارم کس کی طرف سے استعمال نہیں کیے جاتے ہیں؟,False,False
47,155,9,570e6eac0b85d914000d7ef3,آرڈر آف دی برٹش ایمپائر,گرینڈ کراس اور نائٹس کمانڈر پریفیکس سر ، اور ڈیمز گرینڈ کراس اور ڈیمز کمانڈر پریفیکس ڈیم ، اپنے پہلے ناموں کے لئے۔ [b] نائٹس کی بیویاں اپنے کنیتوں کے لئے پریفیکس لیڈی رکھ سکتی ہیں ، لیکن نائٹس کے شوہروں یا ڈیمز کے میاں بیویوں کے لئے کوئی مساوی استحقاق موجود نہیں ہے۔ اس طرح کی شکلیں پیئرز اور شہزادوں کے ذریعہ استعمال نہیں کی جاتی ہیں ، سوائے اس کے کہ جب سابقہ کے نام اپنی مکمل شکلوں میں لکھے جاتے ہیں۔ ••چرچ آف انگلینڈ یا چرچ آف اسکاٹ لینڈ کے پادری•• سر یا ڈیم کا لقب استعمال نہیں کرتے ہیں کیونکہ انہیں یہ اعزاز نہیں ملتا ہے (یعنی ، انہیں تلوار کے ساتھ نائٹ نہیں کہا جاتا ہے) ، حالانکہ وہ پوسٹ نامی خطوط شامل کرتے ہیں۔,کون سر آف ڈیم کا لقب استعمال نہیں کرے گا؟,False,False
48,155,10,570e6ff20dc6ce190020506b,آرڈر آف دی برٹش ایمپائر,••ہندوستان•• ، کامن ویلتھ کا ایک فعال رکن رہتے ہوئے ، ایک جمہوریہ کے طور پر ہندوستان کے صدر کے ذریعہ دیئے جانے والے اعزازات کا اپنا سیٹ قائم کرنے کا انتخاب کیا گیا ہے جو برطانیہ میں بادشاہ کی طرح ایک جمہوری پوزیشن رکھتا ہے۔ ان کو عام طور پر پدما ایوارڈز کے نام سے جانا جاتا ہے اور ان میں پدم وبھوشن ، پدم بھوشن اور پدم شری شامل ہیں۔ ان میں کوئی سجاوٹ یا نشان نہیں ہوتا ہے جو شخص پر پہنا جاسکتا ہے اور اسے افراد کے ناموں کے ساتھ عنوان کے طور پر استعمال نہیں کیا جاسکتا ہے۔,ہندوستان کے صدر کی طرف سے دیئے جانے والے اعزازات کا تعین کس نے کیا ہے؟,False,False
49,155,10,570e6ff20dc6ce190020506c,آرڈر آف دی برٹش ایمپائر,ہندوستان ، کامن ویلتھ کا ایک فعال رکن رہتے ہوئے ، ایک جمہوریہ کے طور پر ••صدر ہندوستان•• کے ذریعہ دیئے جانے والے اعزازات کا اپنا سیٹ قائم کرنے کا انتخاب کیا جس میں ایک جمہوری پوزیشن ہے جسے کچھ لوگ برطانیہ میں بادشاہ کی طرح سمجھتے ہیں۔ ان کو عام طور پر پدم ایوارڈز کے نام سے جانا جاتا ہے اور ان میں پدم وبھوشن ، پدم بھوشن اور پدم شری شامل ہیں۔ ان میں کوئی سجاوٹ یا نشان نہیں ہوتا ہے جو شخص پر پہنا جاسکتا ہے اور اسے افراد کے ناموں کے ساتھ عنوان کے طور پر استعمال نہیں کیا جاسکتا ہے۔,کون ایک ریپبلکن پوزیشن رکھتا ہے جو کچھ برطانیہ کے بادشاہ کے طور پر سمجھتے ہیں؟,False,False
50,155,10,570e6ff20dc6ce190020506d,آرڈر آف دی برٹش ایمپائر,ہندوستان ، کامن ویلتھ کا ایک فعال رکن رہتے ہوئے ، ایک جمہوریہ کے طور پر اپنے اعزازات کا اپنا سیٹ قائم کرنے کا انتخاب کیا جس کا اعزاز ••بھارت کے صدر کے پاس ہے جو برطانیہ میں بادشاہ سے ملتا جلتا ہے•• ہے۔ ان کو عام طور پر پدم ایوارڈز کے نام سے جانا جاتا ہے اور ان میں پدم وبھوشن ، پدم بھوشن اور پدم شری شامل ہیں۔ ان میں کوئی سجاوٹ یا نشان نہیں ہوتا ہے جو شخص پر پہنا جاسکتا ہے اور اسے افراد کے ناموں کے ساتھ عنوان کے طور پر استعمال نہیں کیا جاسکتا ہے۔,پدم ایوارڈز کے نام سے کیا مراد ہے؟,False,False
51,155,10,570e6ff20dc6ce190020506e,آرڈر آف دی برٹش ایمپائر,ہندوستان ، کامن ویلتھ کا ایک فعال رکن رہنے کے باوجود ، ایک جمہوریہ کے طور پر ہندوستان کے صدر کے ذریعہ دیئے جانے والے اعزازات کا اپنا سیٹ قائم کرنے کا انتخاب کیا گیا ہے جو برطانیہ میں بادشاہ سے ملتا جلتا جمہوری مقام رکھتا ہے۔ ان کو عام طور پر پدما ایوارڈز کے نام سے جانا جاتا ہے اور اس میں ••پدما وبھوشن ، پدما بھوشن اور پدما شری•• شامل ہیں۔ ان میں کوئی سجاوٹ یا نشان نہیں ہوتا ہے جو شخص پر پہنا جاسکتا ہے اور اسے افراد کے ناموں کے ساتھ عنوان کے طور پر استعمال نہیں کیا جاسکتا ہے۔,پدم ایوارڈز میں کیا شامل ہے؟,False,False
52,155,10,570e6ff20dc6ce190020506f,آرڈر آف دی برٹش ایمپائر,ہندوستان ، کامن ویلتھ کا ایک فعال رکن رہنے کے باوجود ، ایک جمہوریہ کے طور پر ہندوستان کے صدر کے ذریعہ دیئے جانے والے اعزازات کا اپنا سیٹ قائم کرنے کا انتخاب کیا گیا ہے جو برطانیہ میں بادشاہ سے ملتا جلتا جمہوری مقام رکھتا ہے۔ ان کو عام طور پر پدما ایوارڈز کے نام سے جانا جاتا ہے اور اس میں ••پدما وبھوشن ، پدما بھوشن اور پدما شری•• شامل ہیں۔ ان میں کوئی سجاوٹ یا نشان نہیں ہوتا ہے جو شخص پر پہنا جاسکتا ہے اور اسے افراد کے ناموں کے ساتھ عنوان کے طور پر استعمال نہیں کیا جاسکتا ہے۔,کیا کوئی سجاوٹ یا نشان نہیں ہے جو شخص پر پہنا جا سکتا ہے؟,False,False
53,155,11,570e718c0dc6ce1900205075,آرڈر آف دی برٹش ایمپائر,آرڈر ••300 نائٹس اینڈ ڈیمز گرینڈ کراس•• ، 845 نائٹس اینڈ ڈیمز کمانڈر ، اور 8،960 کمانڈرز تک محدود ہے۔ چوتھی اور پانچویں کلاسوں کے ممبروں کی کل تعداد پر کوئی حد لاگو نہیں کی گئی ہے ، لیکن ہر سال 858 افسران اور 1464 ممبروں سے زیادہ کی تقرری نہیں کی جاسکتی ہے۔ غیر ملکی وصول کنندگان ، اعزازی ممبروں کی حیثیت سے ، آرڈر تک محدود تعداد میں حصہ نہیں لیتے ہیں۔ اگرچہ آرڈر آف برٹش ایمپائر میں برٹش آرڈرز آف نائٹری کے ممبروں کی سب سے زیادہ تعداد ہے ، جس میں دنیا بھر میں 100،000 سے زیادہ زندہ ممبران ہیں۔,آرڈر میں کتنے شورویروں ہیں؟,False,False
54,155,11,570e718c0dc6ce1900205076,آرڈر آف دی برٹش ایمپائر,آرڈر 300 نائٹس اینڈ ڈیمز گرینڈ کراس ، ••845•• نائٹس اینڈ ڈیمز کمانڈر ، اور 8،960 کمانڈرز تک محدود ہے۔ چوتھی اور پانچویں کلاسوں کے ممبروں کی کل تعداد پر کوئی حد لاگو نہیں کی گئی ہے ، لیکن ہر سال 858 افسران اور 1464 ممبروں سے زیادہ کی تقرری نہیں کی جاسکتی ہے۔ غیر ملکی وصول کنندگان ، اعزازی ممبروں کی حیثیت سے ، آرڈر تک محدود تعداد میں حصہ نہیں لیتے ہیں۔ اگرچہ آرڈر آف برٹش ایمپائر میں برٹش آرڈرز آف نائٹری کے ممبروں کی سب سے زیادہ تعداد ہے ، جس میں دنیا بھر میں 100،000 سے زیادہ زندہ ممبران ہیں۔,کتنے نائٹس اور ڈیمز کمانڈر؟,False,False
55,155,11,570e718c0dc6ce1900205077,آرڈر آف دی برٹش ایمپائر,"آرڈر 300 نائٹس اینڈ ڈیمز گرینڈ کراس ، 845 نائٹس اینڈ ڈیمز کمانڈر ، اور ••8,960•• کمانڈرز تک محدود ہے۔ چوتھے اور پانچویں کلاسوں کے ممبروں کی کل تعداد پر کوئی حد لاگو نہیں کی گئی ہے ، لیکن ہر سال 858 افسران اور 1،464 ممبران سے زیادہ مقرر نہیں کیے جاسکتے ہیں۔ غیر ملکی وصول کنندگان ، اعزازی ممبران کی حیثیت سے ، آرڈر تک محدود تعداد میں حصہ نہیں لیتے ہیں۔ اگرچہ آرڈر آف برٹش ایمپائر میں برٹش آرڈرز آف نائٹری کے ممبروں کی سب سے زیادہ تعداد ہے ، جس میں دنیا بھر میں 100،000 سے زیادہ زندہ ممبران ہیں۔",آرڈر میں کتنے کمانڈرز ہیں؟,False,False
56,155,11,570e718c0dc6ce1900205078,آرڈر آف دی برٹش ایمپائر,آرڈر 300 نائٹس اینڈ ڈیمز گرینڈ کراس ، 845 نائٹس اینڈ ڈیمز کمانڈر ، اور 8،960 کمانڈرز تک محدود ہے۔ چوتھی اور پانچویں کلاسوں کے ممبروں کی کل تعداد پر کوئی حد لاگو نہیں کی گئی ہے ، لیکن ہر سال ••858 افسران اور 1464 ممبروں•• سے زیادہ کو مقرر نہیں کیا جاسکتا ہے۔ غیر ملکی وصول کنندگان ، اعزازی ممبروں کی حیثیت سے ، آرڈر تک محدود تعداد میں حصہ نہیں لیتے ہیں۔ اگرچہ آرڈر آف برٹش ایمپائر میں برٹش آرڈرز آف نائٹری کے ممبروں کی سب سے زیادہ تعداد ہے ، جس میں دنیا بھر میں 100،000 سے زیادہ زندہ ممبران ہیں۔,ہر سال کتنے افسران اور اراکین کو مقرر کیا جا سکتا ہے؟,False,False
57,155,11,570e718c0dc6ce1900205079,آرڈر آف دی برٹش ایمپائر,آرڈر 300 نائٹس اینڈ ڈیمز گرینڈ کراس ، 845 نائٹس اینڈ ڈیمز کمانڈر ، اور 8،960 کمانڈرز تک محدود ہے۔ چوتھی اور پانچویں کلاسوں کے ممبروں کی کل تعداد پر کوئی حد لاگو نہیں کی گئی ہے ، لیکن ہر سال 858 افسران اور 1464 ممبروں سے زیادہ کی تقرری نہیں کی جاسکتی ہے۔ غیر ملکی وصول کنندگان ، اعزازی ممبروں کی حیثیت سے ، آرڈر تک محدود تعداد میں حصہ نہیں لیتے ہیں۔ اگرچہ ••آرڈر آف دی برٹش امپائر•• میں دنیا بھر میں 100،000 سے زیادہ زندہ ممبروں کے ساتھ برٹش آرڈرز آف نائٹری کے ممبروں کی سب سے زیادہ تعداد ہے۔,کس کے پاس برطانوی آرڈر آف چائیلری کی سب سے زیادہ تعداد ہے؟,False,False
58,155,12,570e727b0dc6ce1900205085,آرڈر آف دی برٹش ایمپائر,آرڈر کے تمام طبقات کے ممبروں کو ••سب سے پہلے کی ترتیب میں عہدے•• تفویض کیے جاتے ہیں۔ تمام طبقات کے مرد ممبروں کی بیویاں بھی ترجیح کی ترتیب میں شامل ہیں ، جیسا کہ نائٹس گرینڈ کراس اور نائٹس کمانڈر کے بیٹے ، بیٹیاں اور بہوؤں کی طرح ہیں۔ تاہم ، آرڈر کی خواتین کے رشتہ داروں کو کوئی خاص ترجیح نہیں دی جاتی ہے۔ ایک عام اصول کے طور پر ، افراد اپنے باپوں یا شوہروں سے ترجیح حاصل کرسکتے ہیں ، لیکن اپنی ماؤں یا بیویوں سے نہیں (مقررہ عہدوں کے لئے انگلینڈ اور ویلز میں ترجیح کی ترتیب دیکھیں۔),آرڈر کے ارکان کی کلاسوں کو کیا تفویض کیا جاتا ہے؟,False,False
59,155,12,570e727b0dc6ce1900205086,آرڈر آف دی برٹش ایمپائر,"آرڈر کے تمام طبقات کے ممبروں کو ترجیحی ترتیب میں عہدے تفویض کیے جاتے ہیں۔ ""تمام طبقات کے مرد ممبروں کی بیویاں بھی ترجیحی ترتیب میں شامل ہیں ، جیسا کہ نائٹس گرینڈ کراس اور نائٹس کمانڈر کے بیٹے ، بیٹیاں اور بہوؤں کی حیثیت سے۔ تاہم ، آرڈر کی خواتین کے رشتہ داروں کو کوئی خاص ترجیح نہیں دی جاتی ہے۔ عام اصول کے طور پر ، افراد اپنے باپوں یا شوہروں سے ترجیح حاصل کرسکتے ہیں ، لیکن اپنی ماؤں یا بیویوں سے نہیں (مقررہ عہدوں کے لئے انگلینڈ اور ویلز میں ترجیحی ترتیب دیکھیں۔)",مرد اراکین میں سے کون آرڈر میں شامل ہے؟,False,True
60,155,12,570e727b0dc6ce1900205087,آرڈر آف دی برٹش ایمپائر,آرڈر کے تمام طبقات کے ممبروں کو ترجیحی ترتیب میں عہدے تفویض کیے جاتے ہیں۔ تمام طبقات کے مرد ممبروں کی بیویاں بھی ترجیحی ترتیب میں شامل ہیں ، جیسا کہ نائٹس گرینڈ کراس اور نائٹس کمانڈر کے بیٹے ، بیٹیاں اور بہو بیٹیاں ہیں۔ تاہم ، ••آرڈر کی خواتین کے رشتہ داروں•• کو کوئی خاص ترجیح نہیں دی جاتی ہے۔ ایک عام اصول کے طور پر ، افراد اپنے باپوں یا شوہروں سے ترجیح حاصل کرسکتے ہیں ، لیکن اپنی ماؤں یا بیویوں سے نہیں (مقررہ عہدوں کے لئے انگلینڈ اور ویلز میں ترجیحی ترتیب دیکھیں۔),کس کو کوئی خاص ترجیح نہیں دی جاتی؟,False,False
61,155,12,570e727b0dc6ce1900205088,آرڈر آف دی برٹش ایمپائر,آرڈر کے تمام طبقات کے ممبروں کو ترجیحی ترتیب میں عہدے تفویض کیے جاتے ہیں۔ تمام طبقات کے مرد ممبروں کی بیویاں بھی ترجیحی ترتیب میں شامل ہیں ، جیسا کہ نائٹس گرینڈ کراس اور نائٹس کمانڈر کے بیٹے ، بیٹیاں اور بہو ہیں۔ تاہم ، آرڈر کی خواتین کے رشتہ داروں کو کوئی خاص ترجیح نہیں دی جاتی ہے۔ ایک عام اصول کے طور پر ، افراد اپنے ••والدوں یا شوہروں•• سے ترجیح حاصل کرسکتے ہیں ، لیکن اپنی ماؤں یا بیویوں سے نہیں (مقررہ عہدوں کے لئے انگلینڈ اور ویلز میں ترجیحی ترتیب دیکھیں۔),افراد کس سے ترجیح حاصل کر سکتے ہیں؟,False,False
62,155,12,570e727b0dc6ce1900205089,آرڈر آف دی برٹش ایمپائر,آرڈر کے تمام طبقات کے ممبروں کو ترجیحی ترتیب میں عہدے تفویض کیے جاتے ہیں۔ تمام طبقات کے مرد ممبروں کی بیویاں بھی ترجیحی ترتیب میں شامل ہیں ، جیسا کہ نائٹس گرینڈ کراس اور نائٹس کمانڈر کے بیٹوں ، بیٹیوں اور بہوؤں کی طرح ہیں۔ تاہم ، آرڈر کی خواتین کے رشتہ داروں کو کوئی خاص ترجیح نہیں دی جاتی ہے۔ ایک عام اصول کے طور پر ، افراد اپنے باپوں یا شوہروں سے ترجیح حاصل کرسکتے ہیں ، لیکن اپنی ••ماںوں یا بیویوں•• سے نہیں (مقررہ عہدوں کے لئے انگلینڈ اور ویلز میں ترجیحی ترتیب دیکھیں۔),کون سے افراد ترجیح حاصل نہیں کر سکتے ہیں؟,False,False
